Dissociated Cell Sample NHash ID	Tissue Sample Brain Structure ID	DANDI File URI	NeMO Fastq File URIs (list)	BIL TIF File URI (folder)	BIL SWC File URI (folder)	DANDI Subject ID (for BIDS)	DANDI Session ID (for BIDS)	Library Aliquot NHash ID (Optional)	Dissociated Cell Sample Local Name (Optional)
DC-ALSPVW154118	DHBA:10268	https://api.dandiarchive.org/api/assets/73309b75-8c08-402b-909f-f82ca50189ed/download/	https://data.nemoarchive.org/bican/grant/HMBA/lein/transcriptome/sncell/SMARTSeqSC/macaque/raw/AACVNFHM5_AB-S40334_E1-50_GCGCTTCTAC-GTCCTTGGCT_R1.fastq.gz	https://download.brainimagelibrary.org/07/a4/07a40734cccef9cf/1272063261		sub-1271976045	ses-1272063246	LA-CJGAAI456924CJNKDF362598	QN23.26.012.16.06A.01
DC-BQDOLA547620	DHBA:10268	https://api.dandiarchive.org/api/assets/55ae9031-4575-4397-8c26-57b7f6b51fee/download/	https://data.nemoarchive.org/bican/grant/HMBA/lein/transcriptome/sncell/SMARTSeqSC/macaque/raw/AACVNFHM5_AB-S40334_E1-50_TTAGGAGGAA-GAACTTGCGT_R1.fastq.gz	https://download.brainimagelibrary.org/07/a4/07a40734cccef9cf/1272623930		sub-1271976045	ses-1272623892	LA-ZGGDDX342365CJNKDF362598	QN23.26.012.16.12A.01
DC-BXPEON602494	DHBA:10268	https://api.dandiarchive.org/api/assets/ade97c21-1c37-4c4d-bd98-a83baca4547e/download/	https://data.nemoarchive.org/bican/grant/HMBA/lein/transcriptome/sncell/SMARTSeqSC/macaque/raw/AACVNFHM5_AB-S40334_E1-50_CGCTTCACAG-CTTCACCTAA_R1.fastq.gz			sub-1273579455	ses-1273692480	LA-HKMRPQ300335CJNKDF362598	QN23.26.013.16.07A.01
DC-CBOSNS728608	DHBA:10333	https://api.dandiarchive.org/api/assets/41ea53a5-7b8e-460a-b352-58d5519b0a44/download/	https://data.nemoarchive.org/bican/grant/HMBA/lein/transcriptome/sncell/SMARTSeqSC/macaque/raw/AACLTMFM5_AB-S40324_E1-50_AGAGGCACGA-ACGTGGAATT_R1.fastq.gz			sub-1244263408	ses-1245564419	LA-ACSBBW165074EXZFYI155269	QN23.26.001.14.18A.02
DC-CHEEIE557260	DHBA:10268	https://api.dandiarchive.org/api/assets/3a7c682b-1428-4432-a5e1-39097b974a6b/download/	https://data.nemoarchive.org/bican/grant/HMBA/lein/transcriptome/sncell/SMARTSeqSC/macaque/raw/AACYL73M5_AB-S40340_E1-50_AAGGCTCCAT-TGAAGATGGA_R1.fastq.gz			sub-1285385365	ses-1285490537	LA-OVEAFC958670YHDIFM806627	QN23.26.016.16.03A.01
DC-CJNKLO663736	DHBA:10172	https://api.dandiarchive.org/api/assets/1352f3d3-2dca-4086-97fe-891c2db41ddb/download/	https://data.nemoarchive.org/bican/grant/HMBA/lein/transcriptome/sncell/SMARTSeqSC/macaque/raw/AACWLGGM5_AB-S40335_E1-50_CTTGCTATTC-TAGAGTCACG_R1.fastq.gz			sub-1273579455	ses-1276530665	LA-TWTVSP680591HFEKHV727297	QN23.26.013.18.09A.04
DC-DABEGD410694	DHBA:10172	https://api.dandiarchive.org/api/assets/56c15af7-d82b-44f5-80fb-eec33cfff6c6/download/	https://data.nemoarchive.org/bican/grant/HMBA/lein/transcriptome/sncell/SMARTSeqSC/macaque/raw/AACWLGGM5_AB-S40335_E1-50_TCAGTTCGAT-CTGAGTCCTT_R1.fastq.gz	https://download.brainimagelibrary.org/07/a4/07a40734cccef9cf/1276554198		sub-1273579455	ses-1276554170	LA-NSKMCF797508HFEKHV727297	QN23.26.013.18.09A.06
DC-DABEGD604290	DHBA:10172	https://api.dandiarchive.org/api/assets/dc0783b5-a2c8-4736-a6f6-62acbb1fbb37/download/	https://data.nemoarchive.org/bican/grant/HMBA/lein/transcriptome/sncell/SMARTSeqSC/macaque/raw/AACWLGGM5_AB-S40335_E1-50_TCAATTCCGA-TGTAGATCCG_R1.fastq.gz			sub-1273579455	ses-1276524670	LA-RMKMEB793686HFEKHV727297	QN23.26.013.18.09A.03
DC-DEFQNC344521	DHBA:10172	https://api.dandiarchive.org/api/assets/09d71bc5-5569-4169-8489-737eb75f7655/download/	https://data.nemoarchive.org/bican/grant/HMBA/lein/transcriptome/sncell/SMARTSeqSC/macaque/raw/AACVNFHM5_AB-S40334_E1-50_AGGTCCATTC-GCCATCCACA_R1.fastq.gz			sub-1273579455	ses-1273868817	LA-EFCBDF448633CJNKDF362598	QN23.26.013.18.06A.02
DC-DOLAMK318950	DHBA:10268	https://api.dandiarchive.org/api/assets/2ea907a1-c609-4035-b21c-3490956c4a1a/download/	https://data.nemoarchive.org/bican/grant/HMBA/lein/transcriptome/sncell/SMARTSeqSC/macaque/raw/AACVNFHM5_AB-S40334_E1-50_AGGTGGCTAC-CCACGTAACG_R1.fastq.gz	https://download.brainimagelibrary.org/07/a4/07a40734cccef9cf/1272635372	https://download.brainimagelibrary.org/f2/71/f27187da7878d109/1272635372	sub-1271976045	ses-1272635325	LA-UARRTN752301CJNKDF362598	QN23.26.012.16.12A.03
DC-DUJLWD360803	DHBA:10268	https://api.dandiarchive.org/api/assets/32c14949-7121-4876-ba55-bee325126815/download/	https://data.nemoarchive.org/bican/grant/HMBA/lein/transcriptome/sncell/SMARTSeqSC/macaque/raw/AACVNFHM5_AB-S40334_E1-50_TTCAGGTCGT-TTGGTTGGTT_R1.fastq.gz			sub-1271976045	ses-1272076961	LA-RSLKSR572170CJNKDF362598	QN23.26.012.16.06A.02
DC-DXVYYU702953	DHBA:10172	https://api.dandiarchive.org/api/assets/2156bfd7-3dc4-4f9d-b6fb-9890369772a3/download/	https://data.nemoarchive.org/bican/grant/HMBA/lein/transcriptome/sncell/SMARTSeqSC/macaque/raw/R8S4-23071801_AB-S40336_E1-50_AGTTGCATCT-ACCTGCCAAT_R1.fastq.gz			sub-1273579455	ses-1276935631	LA-FABXTY528365OPSYVW512187	QN23.26.013.18.12A.01
DC-ECIUJY276069	DHBA:10172	https://api.dandiarchive.org/api/assets/6b090dc3-820a-4220-87e6-fd0e00f2dcb4/download/	https://data.nemoarchive.org/bican/grant/HMBA/lein/transcriptome/sncell/SMARTSeqSC/macaque/raw/AACWLGGM5_AB-S40335_E1-50_GACTCATCCA-GAACCAAGCG_R1.fastq.gz	https://download.brainimagelibrary.org/07/a4/07a40734cccef9cf/1276728007		sub-1273579455	ses-1276727897	LA-XSOQRO763400HFEKHV727297	QN23.26.013.18.10A.01
DC-FEXMMJ113338	DHBA:10172	https://api.dandiarchive.org/api/assets/bd3fdee3-3765-489e-87e8-b1d9bf451a98/download/	https://data.nemoarchive.org/bican/grant/HMBA/lein/transcriptome/sncell/SMARTSeqSC/macaque/raw/AACWLGGM5_AB-S40335_E1-50_TTCCTCACGT-ACATGAGCCA_R1.fastq.gz			sub-1273579455	ses-1276753589	LA-QPPGHI212707HFEKHV727297	QN23.26.013.18.03A.05
DC-FITIJI369382	DHBA:10333	https://api.dandiarchive.org/api/assets/289ad5b1-baf1-47c4-94ac-4eb67d678c64/download/	https://data.nemoarchive.org/bican/grant/HMBA/lein/transcriptome/sncell/SMARTSeqSC/macaque/raw/AACWMH2M5_AB-S40337_E1-50_GATAGACAAC-GTGTTCACGT_R1.fastq.gz			sub-1278167980	ses-1278453111	LA-QSOMNR548066BYAYEA490714	QN23.26.015.14.14A.06
DC-FJGVWB611881	DHBA:10268	https://api.dandiarchive.org/api/assets/9359e9da-3e54-4ce6-bcd1-d0fb5858e78c/download/	https://data.nemoarchive.org/bican/grant/HMBA/lein/transcriptome/sncell/SMARTSeqSC/macaque/raw/AACVNFHM5_AB-S40334_E1-50_ACCGACGTGA-AACGGTCATG_R1.fastq.gz			sub-1271976045	ses-1272223005	LA-KSRQNB967431CJNKDF362598	QN23.26.012.16.10A.01
DC-GGFDZE813954	DHBA:10172	https://api.dandiarchive.org/api/assets/3c80e1be-4b3b-49c3-b263-e31dd43f72c5/download/	https://data.nemoarchive.org/bican/grant/HMBA/lein/transcriptome/sncell/SMARTSeqSC/macaque/raw/R8S4-23071801_AB-S40336_E1-50_CTTGGAGCGA-GAGAACCATA_R1.fastq.gz			sub-1273579455	ses-1276923441	LA-HBXTSZ801883OPSYVW512187	QN23.26.013.18.14A.02
DC-GHDCDS913171	DHBA:10333	https://api.dandiarchive.org/api/assets/8ece52bd-53f7-46a2-b0c6-d3f7bfc67430/download/	https://data.nemoarchive.org/bican/grant/HMBA/lein/transcriptome/sncell/SMARTSeqSC/macaque/raw/AACYL73M5_AB-S40340_E1-50_CTCTCTCTAG-ACTTGATTGG_R1.fastq.gz	https://download.brainimagelibrary.org/07/a4/07a40734cccef9cf/1285489322		sub-1285385365	ses-1285489300	LA-ECFFFJ378820YHDIFM806627	QN23.26.016.14.03A.04
DC-GYNQKM518471	DHBA:10268	https://api.dandiarchive.org/api/assets/37b1858e-76ba-4b1c-a355-a65a0b93e698/download/	https://data.nemoarchive.org/bican/grant/HMBA/lein/transcriptome/sncell/SMARTSeqSC/macaque/raw/AACVNFHM5_AB-S40334_E1-50_CGTCACCTTC-TCTAGAGGTG_R1.fastq.gz	https://download.brainimagelibrary.org/07/a4/07a40734cccef9cf/1273703221		sub-1273579455	ses-1273703194	LA-QSKPMN966092CJNKDF362598	QN23.26.013.16.02A.05
DC-GZGCEQ819907	DHBA:10333	https://api.dandiarchive.org/api/assets/738bc568-dcda-46e5-ad95-08c61fe47ddf/download/	https://data.nemoarchive.org/bican/grant/HMBA/lein/transcriptome/sncell/SMARTSeqSC/macaque/raw/AACWMH2M5_AB-S40337_E1-50_CAACCATGAT-ATAAGGTGAC_R1.fastq.gz			sub-1278167980	ses-1279871851	LA-KBIZEE242135BYAYEA490714	QN23.26.015.14.20A.02
DC-HGBDHH639210	DHBA:10172	https://api.dandiarchive.org/api/assets/3140a004-03df-4d26-b431-b72b850d894a/download/	https://data.nemoarchive.org/bican/grant/HMBA/lein/transcriptome/sncell/SMARTSeqSC/macaque/raw/AACWLGGM5_AB-S40335_E1-50_TCTAGCTGCG-ATAGGTAAGG_R1.fastq.gz			sub-1273579455	ses-1274110389	LA-NLNOFN273531HFEKHV727297	QN23.26.013.18.07A.04
DC-HJNNZO245888	DHBA:10172	https://api.dandiarchive.org/api/assets/dc2bbba1-a631-4ee0-bdcf-0d782f90d71a/download/	https://data.nemoarchive.org/bican/grant/HMBA/lein/transcriptome/sncell/SMARTSeqSC/macaque/raw/AACWLGGM5_AB-S40335_E1-50_TAGGCGAATG-AGTCCAGTGA_R1.fastq.gz	https://download.brainimagelibrary.org/07/a4/07a40734cccef9cf/1274073158	https://download.brainimagelibrary.org/0e/5c/0e5cc308e932e5c0/1274073158	sub-1273579455	ses-1274073139	LA-BDHZBP645033HFEKHV727297	QN23.26.013.18.07A.02
DC-HSPOOR651855	DHBA:10172	https://api.dandiarchive.org/api/assets/6c8f3858-861d-4587-927d-ab2e1746d7bd/download/	https://data.nemoarchive.org/bican/grant/HMBA/lein/transcriptome/sncell/SMARTSeqSC/macaque/raw/AACWLGGM5_AB-S40335_E1-50_CGCACTGGTA-TTGACCGTCT_R1.fastq.gz	https://download.brainimagelibrary.org/07/a4/07a40734cccef9cf/1276753638		sub-1273579455	ses-1276753623	LA-ACZZGH848120HFEKHV727297	QN23.26.013.18.10A.02
DC-HTWUQT350729	DHBA:10333	https://api.dandiarchive.org/api/assets/a52f0a82-a2bd-4c9d-81f5-abdf5b3ac544/download/	https://data.nemoarchive.org/bican/grant/HMBA/lein/transcriptome/sncell/SMARTSeqSC/macaque/raw/AACWMH2M5_AB-S40337_E1-50_TAACCTGAAC-TCAATTGACG_R1.fastq.gz			sub-1278167980	ses-1279230832	LA-LBWSYU104613BYAYEA490714	QN23.26.015.14.08A.01
DC-IAPMJA655103	DHBA:10333	https://api.dandiarchive.org/api/assets/4c581ad1-6276-4ee6-9b7c-fe87e9ef3c62/download/	https://data.nemoarchive.org/bican/grant/HMBA/lein/transcriptome/sncell/SMARTSeqSC/macaque/raw/AACH7MKM5_AB-S40318_E1-50_AGAAGACCTA-AACCGTAACA_R1.fastq.gz			sub-1223010848	ses-1223503435	LA-CULXAY875593TINMLE255531	QN22.26.036.14.51B.01
DC-IOZOOP132814	DHBA:10172	https://api.dandiarchive.org/api/assets/e23047f8-c14e-4b22-b320-3fba740c1984/download/	https://data.nemoarchive.org/bican/grant/HMBA/lein/transcriptome/sncell/SMARTSeqSC/macaque/raw/AACVNFHM5_AB-S40334_E1-50_TAAGCGCGTG-AGATAGACGT_R1.fastq.gz			sub-1273579455	ses-1273912955	LA-FPLNJI468133CJNKDF362598	QN23.26.013.18.08A.06
DC-JAPPCR761027	DHBA:10333	https://api.dandiarchive.org/api/assets/b8829bb2-5fe8-43d0-b3c3-2d2320876630/download/	https://data.nemoarchive.org/bican/grant/HMBA/lein/transcriptome/sncell/SMARTSeqSC/macaque/raw/AACWMH2M5_AB-S40337_E1-50_TACCTAGACT-GCATTCGAAT_R1.fastq.gz			sub-1278167980	ses-1279934483	LA-KIOKGI630766BYAYEA490714	QN23.26.015.14.13A.01
DC-JGJFEH648546	DHBA:10333	https://api.dandiarchive.org/api/assets/1364f8ad-6dbb-449a-b2f7-c853c0f0beac/download/	https://data.nemoarchive.org/bican/grant/HMBA/lein/transcriptome/sncell/SMARTSeqSC/macaque/raw/AACNCMNM5_AB-S40328_E1-50_TCTGACTATG-TAACCAGATC_R1.fastq.gz			sub-1257702203	ses-1258178783	LA-NTVSRY707393LRORVS507062	QN23.26.010.14.02A.03
DC-JOKGFE273001	DHBA:10333	https://api.dandiarchive.org/api/assets/cf55a792-e1c9-447a-9bb6-7e0b7f4ba1d6/download/	https://data.nemoarchive.org/bican/grant/HMBA/lein/transcriptome/sncell/SMARTSeqSC/macaque/raw/AACWMH2M5_AB-S40337_E1-50_ATACACACCT-AGTGTGATAG_R1.fastq.gz			sub-1278167980	ses-1278458239	LA-BAYDUB812031BYAYEA490714	QN23.26.015.14.17A.06
DC-JROFEH414649	DHBA:10333	https://api.dandiarchive.org/api/assets/58d877a6-1ddf-4aa5-9fb7-552fd31f5ac0/download/	https://data.nemoarchive.org/bican/grant/HMBA/lein/transcriptome/sncell/SMARTSeqSC/macaque/raw/AACYL73M5_AB-S40340_E1-50_TAACCTGAAC-TCAATTGACG_R1.fastq.gz			sub-1285385365	ses-1285458210	LA-CECOGF661575YHDIFM806627	QN23.26.016.14.03A.01
DC-JYKMKR838620	DHBA:10172	https://api.dandiarchive.org/api/assets/d19d18df-4d27-4846-9b47-65ae8894eec3/download/	https://data.nemoarchive.org/bican/grant/HMBA/lein/transcriptome/sncell/SMARTSeqSC/macaque/raw/AACWLGGM5_AB-S40335_E1-50_AGCAATTCAC-TCATCGTCTG_R1.fastq.gz			sub-1273579455	ses-1276562308	LA-GILDFP814167HFEKHV727297	QN23.26.013.18.09A.07
DC-JYYZYC692760	DHBA:10172	https://api.dandiarchive.org/api/assets/eaaae56e-99d5-4203-aae8-2cd08fa0994b/download/	https://data.nemoarchive.org/bican/grant/HMBA/lein/transcriptome/sncell/SMARTSeqSC/macaque/raw/AACVNFHM5_AB-S40334_E1-50_TAATCCTCTG-GAGTATGTTG_R1.fastq.gz	https://download.brainimagelibrary.org/ad/1b/ad1bbeb2f594e2f4/1273885891		sub-1273579455	ses-1273885710	LA-VKKOKL603037CJNKDF362598	QN23.26.013.18.08A.04
DC-KFHCBU117391	DHBA:10172	https://api.dandiarchive.org/api/assets/a13da885-c242-401c-83d6-c1003c49091c/download/	https://data.nemoarchive.org/bican/grant/HMBA/lein/transcriptome/sncell/SMARTSeqSC/macaque/raw/AACWLGGM5_AB-S40335_E1-50_CGGACGATTC-TAGGTGGTGG_R1.fastq.gz	https://download.brainimagelibrary.org/45/15/451551f599863d2f/1276787623		sub-1273579455	ses-1276787598	LA-NJMJRJ817189HFEKHV727297	QN23.26.013.18.03A.06
DC-KHYXFL816662	DHBA:10172	https://api.dandiarchive.org/api/assets/ff039757-fa0c-4b6b-8abd-9bcdabf4da3c/download/	https://data.nemoarchive.org/bican/grant/HMBA/lein/transcriptome/sncell/SMARTSeqSC/macaque/raw/AACWLGGM5_AB-S40335_E1-50_ATGACAGCAC-CGCTTGTTAT_R1.fastq.gz			sub-1273579455	ses-1276732629	LA-FDFCCE487476HFEKHV727297	QN23.26.013.18.03A.02
DC-KMKRVS419006	DHBA:10172	https://api.dandiarchive.org/api/assets/5ea58c39-5a2c-4b37-b78d-11794d49f089/download/	https://data.nemoarchive.org/bican/grant/HMBA/lein/transcriptome/sncell/SMARTSeqSC/macaque/raw/AACWLGGM5_AB-S40335_E1-50_CCACAGCCTT-GCTATTGAAG_R1.fastq.gz			sub-1273579455	ses-1276544893	LA-RVSRWN597571HFEKHV727297	QN23.26.013.18.09A.05
DC-KRURTP746213	DHBA:10268	https://api.dandiarchive.org/api/assets/a7d60c33-1957-4162-bad2-a0c3c9d37b6d/download/	https://data.nemoarchive.org/bican/grant/HMBA/lein/transcriptome/sncell/SMARTSeqSC/macaque/raw/AACVNFHM5_AB-S40334_E1-50_CACTAGTTAC-GTTAGGAATG_R1.fastq.gz	https://download.brainimagelibrary.org/07/a4/07a40734cccef9cf/1273690587		sub-1273579455	ses-1273690526	LA-PVDBXW996619CJNKDF362598	QN23.26.013.16.05A.01
DC-LADXZX977748	DHBA:10268	https://api.dandiarchive.org/api/assets/521432d6-d592-4e0c-adbb-5dd1d8169ffa/download/	https://data.nemoarchive.org/bican/grant/HMBA/lein/transcriptome/sncell/SMARTSeqSC/macaque/raw/AACVNFHM5_AB-S40334_E1-50_ATAACAGGTC-AGATCTATGG_R1.fastq.gz	https://download.brainimagelibrary.org/ad/1b/ad1bbeb2f594e2f4/1273682705	https://download.brainimagelibrary.org/0e/5c/0e5cc308e932e5c0/1273682705	sub-1273579455	ses-1273682633	LA-ZZECYF241018CJNKDF362598	QN23.26.013.16.02A.03
DC-LAEBQR618948	DHBA:10268	https://api.dandiarchive.org/api/assets/0f81c2f9-a24d-48da-bc09-b008893d4cc2/download/	https://data.nemoarchive.org/bican/grant/HMBA/lein/transcriptome/sncell/SMARTSeqSC/macaque/raw/AACVNFHM5_AB-S40334_E1-50_GCATACTCTA-TAGCGAGATA_R1.fastq.gz			sub-1271976045	ses-1272239622	LA-VHFHFG318025CJNKDF362598	QN23.26.012.16.10A.02
DC-LETFZA785627	DHBA:10268	https://api.dandiarchive.org/api/assets/78db6c1e-f211-4f7b-9a51-801a492848fa/download/	https://data.nemoarchive.org/bican/grant/HMBA/lein/transcriptome/sncell/SMARTSeqSC/macaque/raw/AACVNFHM5_AB-S40334_E1-50_CTCAAGGCTC-TAAGAACACG_R1.fastq.gz			sub-1271976045	ses-1272218695	LA-QTVQTU517854CJNKDF362598	QN23.26.012.16.09A.01
DC-LLKJEW368371	DHBA:10268	https://api.dandiarchive.org/api/assets/df073a9a-d297-4a74-8362-2564bf1adb37/download/	https://data.nemoarchive.org/bican/grant/HMBA/lein/transcriptome/sncell/SMARTSeqSC/macaque/raw/AACVNFHM5_AB-S40334_E1-50_TCTCTTAGGT-ACATCTGCTT_R1.fastq.gz			sub-1273579455	ses-1273689643	LA-ZZVTUM882607CJNKDF362598	QN23.26.013.16.02A.04
DC-MJGWLM237045	DHBA:10172	https://api.dandiarchive.org/api/assets/a6dd5c9e-800a-4d68-a314-7fc2c76e4ffb/download/	https://data.nemoarchive.org/bican/grant/HMBA/lein/transcriptome/sncell/SMARTSeqSC/macaque/raw/AACVNFHM5_AB-S40334_E1-50_AGCGGTATAA-AGCGTACTCT_R1.fastq.gz	https://download.brainimagelibrary.org/45/15/451551f599863d2f/1273915627		sub-1273579455	ses-1273915506	LA-ACTBCG430612CJNKDF362598	QN23.26.013.18.06A.06
DC-MLOLIY207043	DHBA:10172	https://api.dandiarchive.org/api/assets/ec071c60-fb23-4f5e-b72b-3c766af28401/download/	https://data.nemoarchive.org/bican/grant/HMBA/lein/transcriptome/sncell/SMARTSeqSC/macaque/raw/AACVNFHM5_AB-S40334_E1-50_ACAGAACAGT-AGTAGGAACG_R1.fastq.gz			sub-1273579455	ses-1273910646	LA-BVXBGC881005CJNKDF362598	QN23.26.013.18.06A.05
DC-MMXMRQ252022	DHBA:10333	https://api.dandiarchive.org/api/assets/80c80c14-b578-424a-8edf-f705a2e0aca1/download/	https://data.nemoarchive.org/bican/grant/HMBA/lein/transcriptome/sncell/SMARTSeqSC/macaque/raw/AACH7MKM5_AB-S40318_E1-50_CCGTGAGTTC-CTTGGTATGA_R1.fastq.gz			sub-1223010848	ses-1223715204	LA-DBGFAC469066TINMLE255531	QN22.26.036.14.51A.01
DC-NGVHBC308399	DHBA:10268	https://api.dandiarchive.org/api/assets/e52f3a27-fc26-451c-b0e4-84f53e47d598/download/	https://data.nemoarchive.org/bican/grant/HMBA/lein/transcriptome/sncell/SMARTSeqSC/macaque/raw/AACVNFHM5_AB-S40334_E1-50_ACCAGACGGT-CGTCTTCATC_R1.fastq.gz	https://download.brainimagelibrary.org/07/a4/07a40734cccef9cf/1272307135	https://download.brainimagelibrary.org/f2/71/f27187da7878d109/1272307135	sub-1271976045	ses-1272306985	LA-DEAWPN977974CJNKDF362598	QN23.26.012.16.09A.07
DC-NHMMEM684219	DHBA:10268	https://api.dandiarchive.org/api/assets/04d3791a-ab74-4ecc-9362-b34ca0d10d7d/download/	https://data.nemoarchive.org/bican/grant/HMBA/lein/transcriptome/sncell/SMARTSeqSC/macaque/raw/AACVNFHM5_AB-S40334_E1-50_TCGGTCTTGC-GTTAAGTTGG_R1.fastq.gz	https://download.brainimagelibrary.org/07/a4/07a40734cccef9cf/1272088201		sub-1271976045	ses-1272088184	LA-RRLLNK285933CJNKDF362598	QN23.26.012.16.05A.04
DC-NZXEVZ991193	DHBA:10268	https://api.dandiarchive.org/api/assets/a2279af0-b179-4398-90b6-696fbb7d49ae/download/	https://data.nemoarchive.org/bican/grant/HMBA/lein/transcriptome/sncell/SMARTSeqSC/macaque/raw/AACVNFHM5_AB-S40334_E1-50_TCACCAGGAC-TCCTTGTCTC_R1.fastq.gz	https://download.brainimagelibrary.org/07/a4/07a40734cccef9cf/1272651758	https://download.brainimagelibrary.org/0e/5c/0e5cc308e932e5c0/1272651758	sub-1271976045	ses-1272651643	LA-ZXXYGY977831CJNKDF362598	QN23.26.012.16.12A.04
DC-OIBQVR917782	DHBA:10333	https://api.dandiarchive.org/api/assets/ebb18b03-231c-4fc6-a80a-5fa735cafd43/download/	https://data.nemoarchive.org/bican/grant/HMBA/lein/transcriptome/sncell/SMARTSeqSC/macaque/raw/AACWMH2M5_AB-S40337_E1-50_TCAGCTGTCA-ACAGCTCCTG_R1.fastq.gz			sub-1278167980	ses-1278454238	LA-VSBBAW235528BYAYEA490714	QN23.26.015.14.17A.05
DC-PCDBCZ377309	DHBA:10172	https://api.dandiarchive.org/api/assets/530c4b36-c94d-4b0b-b3a4-4e181164dec1/download/	https://data.nemoarchive.org/bican/grant/HMBA/lein/transcriptome/sncell/SMARTSeqSC/macaque/raw/AACWLGGM5_AB-S40335_E1-50_CCGATAGTAG-GAGTTGCATA_R1.fastq.gz			sub-1273579455	ses-1276554927	LA-QSPCXU444122HFEKHV727297	QN23.26.013.18.02A.02
DC-PMBQTI471154	DHBA:10333	https://api.dandiarchive.org/api/assets/56a5cda3-cf2a-409e-be06-217d2564e6fc/download/	https://data.nemoarchive.org/bican/grant/HMBA/lein/transcriptome/sncell/SMARTSeqSC/macaque/raw/AACLTMFM5_AB-S40324_E1-50_TCAATCAGAG-GACTCTGGTT_R1.fastq.gz			sub-1244263408	ses-1244530162	LA-SUSLNK345083EXZFYI155269	QN23.26.001.14.15B.02
DC-POPOPO382441	DHBA:10333	https://api.dandiarchive.org/api/assets/54f89479-8781-4cd4-a3f1-2bc7ac0993a8/download/	https://data.nemoarchive.org/bican/grant/HMBA/lein/transcriptome/sncell/SMARTSeqSC/macaque/raw/AACNCMNM5_AB-S40328_E1-50_TAAGGCTCAC-GACGTTACTT_R1.fastq.gz			sub-1257702203	ses-1258197823	LA-SSRTRL500901LRORVS507062	QN23.26.010.14.02A.04
DC-PSDSTS891082	DHBA:10333	https://api.dandiarchive.org/api/assets/fdd962e5-06d5-48be-b7a9-34527e29744b/download/	https://data.nemoarchive.org/bican/grant/HMBA/lein/transcriptome/sncell/SMARTSeqSC/macaque/raw/AACWMH2M5_AB-S40337_E1-50_TCTGACTATG-TAACCAGATC_R1.fastq.gz			sub-1278167980	ses-1278407778	LA-BJDJNO794782BYAYEA490714	QN23.26.015.14.14A.04
DC-PVRUFU659372	DHBA:10333	https://api.dandiarchive.org/api/assets/95c028a5-31aa-4d3d-9fb6-0931c81165a8/download/	https://data.nemoarchive.org/bican/grant/HMBA/lein/transcriptome/sncell/SMARTSeqSC/macaque/raw/AACWMH2M5_AB-S40337_E1-50_TAAGGCTCAC-GACGTTACTT_R1.fastq.gz			sub-1278167980	ses-1278445471	LA-QSOQLE601368BYAYEA490714	QN23.26.015.14.14A.05
DC-QETFHF417935	DHBA:10172	https://api.dandiarchive.org/api/assets/c0d1e974-f4fb-411e-ac61-14e9ddc04c1f/download/	https://data.nemoarchive.org/bican/grant/HMBA/lein/transcriptome/sncell/SMARTSeqSC/macaque/raw/AACWLGGM5_AB-S40335_E1-50_CACTTACGGC-GCTGGAGAAG_R1.fastq.gz			sub-1273579455	ses-1276511668	LA-CXVVXX716503HFEKHV727297	QN23.26.013.18.09A.01
DC-QKDSXT179098	DHBA:10333	https://api.dandiarchive.org/api/assets/f55cba57-1397-407b-9db5-ee0ba5c90486/download/	https://data.nemoarchive.org/bican/grant/HMBA/lein/transcriptome/sncell/SMARTSeqSC/macaque/raw/AACWMH2M5_AB-S40337_E1-50_GATTCTTAGC-TGCTAGCGGT_R1.fastq.gz			sub-1278167980	ses-1278417121	LA-ZMAHZC850562BYAYEA490714	QN23.26.015.14.17A.01
DC-QQMAPD246825	DHBA:10268	https://api.dandiarchive.org/api/assets/dbb2e566-57c3-4584-b81d-848fa4790ae7/download/	https://data.nemoarchive.org/bican/grant/HMBA/lein/transcriptome/sncell/SMARTSeqSC/macaque/raw/AACNFLLM5_AB-S40329_E1-50_CCTCGTTGGA-GACTGCGTTA_R1.fastq.gz			sub-1257702203	ses-1261468649	LA-LYACVW502979JQNQNJ468139	QN23.26.010.16.07A.06
DC-QURSVX298781	DHBA:10172	https://api.dandiarchive.org/api/assets/2f458dad-6c24-4a3a-b7a0-dd63e7e7bd8c/download/	https://data.nemoarchive.org/bican/grant/HMBA/lein/transcriptome/sncell/SMARTSeqSC/macaque/raw/AACWLGGM5_AB-S40335_E1-50_AGAACTAACG-TTATCGAGAG_R1.fastq.gz			sub-1273579455	ses-1276518238	LA-FGLGNM293545HFEKHV727297	QN23.26.013.18.09A.02
DC-QUVIXV821433	DHBA:10333	https://api.dandiarchive.org/api/assets/42bbb5b8-1126-4204-9352-147c3199c40c/download/	https://data.nemoarchive.org/bican/grant/HMBA/lein/transcriptome/sncell/SMARTSeqSC/macaque/raw/AACYL73M5_AB-S40340_E1-50_ATCCAGCATG-AGAGCTCTAC_R1.fastq.gz			sub-1285385365	ses-1285482175	LA-BCNIPQ401525YHDIFM806627	QN23.26.016.14.09A.01
DC-RCZOAY641390	DHBA:10268	https://api.dandiarchive.org/api/assets/e610a258-634a-458a-b635-e6c2641b7228/download/	https://data.nemoarchive.org/bican/grant/HMBA/lein/transcriptome/sncell/SMARTSeqSC/macaque/raw/AACVNFHM5_AB-S40334_E1-50_ACAGAAGGTT-TGGAGATATC_R1.fastq.gz			sub-1271976045	ses-1272631065	LA-BYVXSO470224CJNKDF362598	QN23.26.012.16.12A.02
DC-RXTWHW799436	DHBA:10333	https://api.dandiarchive.org/api/assets/d646aa70-25c8-4ef6-8331-a0c37fd039d4/download/	https://data.nemoarchive.org/bican/grant/HMBA/lein/transcriptome/sncell/SMARTSeqSC/macaque/raw/AACWMH2M5_AB-S40337_E1-50_GCATTCCTTC-GAGCCTGCTT_R1.fastq.gz			sub-1278167980	ses-1278397808	LA-YAXUTW952560BYAYEA490714	QN23.26.015.14.14A.02
DC-SPVGVI703209	DHBA:10172	https://api.dandiarchive.org/api/assets/b0a83b07-ddb8-441a-8271-739d5c317f8a/download/	https://data.nemoarchive.org/bican/grant/HMBA/lein/transcriptome/sncell/SMARTSeqSC/macaque/raw/AACWLGGM5_AB-S40335_E1-50_GTTGCATCAA-GTTGATGCGA_R1.fastq.gz			sub-1273579455	ses-1276542899	LA-OLLJLK370535HFEKHV727297	QN23.26.013.18.02A.01
DC-TSTEML356834	DHBA:10333	https://api.dandiarchive.org/api/assets/7bb144ea-c05b-4813-b719-c67d4b076835/download/	https://data.nemoarchive.org/bican/grant/HMBA/lein/transcriptome/sncell/SMARTSeqSC/macaque/raw/AACWMH2M5_AB-S40337_E1-50_TGTGATCGCG-AGACGAGTCT_R1.fastq.gz			sub-1278167980	ses-1278403621	LA-LIHGXW727638BYAYEA490714	QN23.26.015.14.14A.03
DC-TWTPPI277435	DHBA:10268	https://api.dandiarchive.org/api/assets/fb4a1ac0-3c0f-4182-9be6-0ae8ab045be7/download/	https://data.nemoarchive.org/bican/grant/HMBA/lein/transcriptome/sncell/SMARTSeqSC/macaque/raw/AACVNFHM5_AB-S40334_E1-50_TATGGTGATG-TTCAAGTAGC_R1.fastq.gz	https://download.brainimagelibrary.org/ad/1b/ad1bbeb2f594e2f4/1272296614		sub-1271976045	ses-1272296479	LA-FWYLMO898903CJNKDF362598	QN23.26.012.16.09A.06
DC-UCIDFA926717	DHBA:10172	https://api.dandiarchive.org/api/assets/e9513406-4298-438e-a0e1-d5a8d1465d7c/download/	https://data.nemoarchive.org/bican/grant/HMBA/lein/transcriptome/sncell/SMARTSeqSC/macaque/raw/AACWLGGM5_AB-S40335_E1-50_AGATGTAAGG-CTGTACCAGG_R1.fastq.gz			sub-1273579455	ses-1276747025	LA-LKDHIC830006HFEKHV727297	QN23.26.013.18.03A.04
DC-UMBLKL656675	DHBA:10268	https://api.dandiarchive.org/api/assets/57dfabb9-f2f9-4270-a4c2-39e73cc45895/download/	https://data.nemoarchive.org/bican/grant/HMBA/lein/transcriptome/sncell/SMARTSeqSC/macaque/raw/AACVNFHM5_AB-S40334_E1-50_GTTGGACATA-ATCCTCTGTT_R1.fastq.gz			sub-1273579455	ses-1273706770	LA-MGGFHX142433CJNKDF362598	QN23.26.013.16.07A.02
DC-UYXTUS197850	DHBA:10333	https://api.dandiarchive.org/api/assets/7cafdad2-33ee-4051-9dbe-cdc456d527eb/download/	https://data.nemoarchive.org/bican/grant/HMBA/lein/transcriptome/sncell/SMARTSeqSC/macaque/raw/AACLTMFM5_AB-S40324_E1-50_ATGGTGTATC-GCAATTGTGG_R1.fastq.gz			sub-1244263408	ses-1244522502	LA-AVXCCB959316EXZFYI155269	QN23.26.001.14.17B.02
DC-VANCAN647602	DHBA:10172	https://api.dandiarchive.org/api/assets/fdb90d07-8028-477c-b084-bbfdef24458b/download/	https://data.nemoarchive.org/bican/grant/HMBA/lein/transcriptome/sncell/SMARTSeqSC/macaque/raw/R8S4-23071801_AB-S40336_E1-50_CTGTCGTACA-ACTGCGAATG_R1.fastq.gz			sub-1273579455	ses-1276930214	LA-WTBBUT891039OPSYVW512187	QN23.26.013.18.14A.03
DC-VKKHYX705720	DHBA:10172	https://api.dandiarchive.org/api/assets/5f2e6b59-6fa3-4d3c-830b-83077eee3c6b/download/	https://data.nemoarchive.org/bican/grant/HMBA/lein/transcriptome/sncell/SMARTSeqSC/macaque/raw/AACWLGGM5_AB-S40335_E1-50_GTGTCTACAG-ACACTAGCAT_R1.fastq.gz			sub-1273579455	ses-1276742740	LA-WVUPUP681865HFEKHV727297	QN23.26.013.18.03A.03
DC-VKLWTS363337	DHBA:10172	https://api.dandiarchive.org/api/assets/b9045bce-e0b9-4945-85d0-aa719523f85e/download/	https://data.nemoarchive.org/bican/grant/HMBA/lein/transcriptome/sncell/SMARTSeqSC/macaque/raw/AACWLGGM5_AB-S40335_E1-50_GTACAGACCG-GTTCTAATGG_R1.fastq.gz	https://download.brainimagelibrary.org/07/a4/07a40734cccef9cf/1276787587		sub-1273579455	ses-1276787566	LA-DFFEYA655588HFEKHV727297	QN23.26.013.18.10A.04
DC-VTUFCW680953	DHBA:10333	https://api.dandiarchive.org/api/assets/cd074de7-dfd4-40c2-8298-222b51fa2f2f/download/	https://data.nemoarchive.org/bican/grant/HMBA/lein/transcriptome/sncell/SMARTSeqSC/macaque/raw/AACYL73M5_AB-S40340_E1-50_GCACTACCAG-GAAGACTTAG_R1.fastq.gz			sub-1285385365	ses-1285488120	LA-OMLMIH502660YHDIFM806627	QN23.26.016.14.09A.02
DC-VYJYZY710518	DHBA:10333	https://api.dandiarchive.org/api/assets/90e2c56e-0733-4136-a882-1d2e051493d6/download/	https://data.nemoarchive.org/bican/grant/HMBA/lein/transcriptome/sncell/SMARTSeqSC/macaque/raw/AACWMH2M5_AB-S40337_E1-50_AGCCACTCGT-CCAAGAGGAT_R1.fastq.gz			sub-1278167980	ses-1278392585	LA-JDFWZK391537BYAYEA490714	QN23.26.015.14.14A.01
DC-WUAMBQ951645	DHBA:10172	https://api.dandiarchive.org/api/assets/0e9c43a5-ee6f-43e9-920a-b6d79d624508/download/	https://data.nemoarchive.org/bican/grant/HMBA/lein/transcriptome/sncell/SMARTSeqSC/macaque/raw/AACWLGGM5_AB-S40335_E1-50_TAGCGACGGA-GTAACGTTCA_R1.fastq.gz	https://download.brainimagelibrary.org/07/a4/07a40734cccef9cf/1276758095		sub-1273579455	ses-1276758066	LA-WWTUYR521369HFEKHV727297	QN23.26.013.18.10A.03
DC-XQFRLM489395	DHBA:10268	https://api.dandiarchive.org/api/assets/90d05e32-d0ad-4494-bcaa-dfe96080783f/download/	https://data.nemoarchive.org/bican/grant/HMBA/lein/transcriptome/sncell/SMARTSeqSC/macaque/raw/AACVNFHM5_AB-S40334_E1-50_ACTGGTGTCG-CAAGTCCTGT_R1.fastq.gz	https://download.brainimagelibrary.org/07/a4/07a40734cccef9cf/1272252080	https://download.brainimagelibrary.org/0e/5c/0e5cc308e932e5c0/1272252080	sub-1271976045	ses-1272251612	LA-BZBSTO739829CJNKDF362598	QN23.26.012.16.09A.03
DC-XWZVCQ733345	DHBA:10333	https://api.dandiarchive.org/api/assets/823737de-605a-4a23-9be1-6905dfd04988/download/	https://data.nemoarchive.org/bican/grant/HMBA/lein/transcriptome/sncell/SMARTSeqSC/macaque/raw/AACH7MKM5_AB-S40318_E1-50_TATGGCAAGC-AACAGCAATG_R1.fastq.gz			sub-1223010848	ses-1223243222	LA-ZEECAC551510TINMLE255531	QN22.26.036.14.07A.02
DC-YBDCAW173285	DHBA:10333	https://api.dandiarchive.org/api/assets/075d35cd-6cd9-4612-b57c-425ad4806c32/download/	https://data.nemoarchive.org/bican/grant/HMBA/lein/transcriptome/sncell/SMARTSeqSC/macaque/raw/AACH7MKM5_AB-S40318_E1-50_CCTCCTGTGA-CACGTCTACG_R1.fastq.gz	https://download.brainimagelibrary.org/64/aa/64aaa5153fac56e9/1223227775		sub-1223010848	ses-1223227726	LA-DGACAV741858TINMLE255531	QN22.26.036.14.04B.03
DC-YCCODH269745	DHBA:10172	https://api.dandiarchive.org/api/assets/1e6f16b9-1289-43ca-a453-e12d6ab5192d/download/	https://data.nemoarchive.org/bican/grant/HMBA/lein/transcriptome/sncell/SMARTSeqSC/macaque/raw/AACWLGGM5_AB-S40335_E1-50_GTGCTCTAGG-GTTACCAACG_R1.fastq.gz	https://download.brainimagelibrary.org/ad/1b/ad1bbeb2f594e2f4/1274063554	https://download.brainimagelibrary.org/0e/5c/0e5cc308e932e5c0/1274063554	sub-1273579455	ses-1274063537	LA-VMMQMO694914HFEKHV727297	QN23.26.013.18.07A.01
DC-YODEFQ875831	DHBA:10172	https://api.dandiarchive.org/api/assets/e91f4b9e-f4fb-4ce3-9340-6ca05402d84e/download/	https://data.nemoarchive.org/bican/grant/HMBA/lein/transcriptome/sncell/SMARTSeqSC/macaque/raw/AACVNFHM5_AB-S40334_E1-50_ATCAGTCCTA-CTACAGCTTA_R1.fastq.gz	https://download.brainimagelibrary.org/45/15/451551f599863d2f/1273921240		sub-1273579455	ses-1273921218	LA-YAJXZY695576CJNKDF362598	QN23.26.013.18.06A.07
DC-YUZMBZ911865	DHBA:10172	https://api.dandiarchive.org/api/assets/16313ebc-feed-4ae4-aa5f-6859718aa591/download/	https://data.nemoarchive.org/bican/grant/HMBA/lein/transcriptome/sncell/SMARTSeqSC/macaque/raw/R8S4-23071801_AB-S40336_E1-50_TGTCTGCCAT-TCAAGATGCG_R1.fastq.gz			sub-1273579455	ses-1276917495	LA-MLGILM518628OPSYVW512187	QN23.26.013.18.14A.01
DC-ZKZZAZ507719	DHBA:10172	https://api.dandiarchive.org/api/assets/897c100d-7774-4da6-a8b2-2e815a92f6f0/download/	https://data.nemoarchive.org/bican/grant/HMBA/lein/transcriptome/sncell/SMARTSeqSC/macaque/raw/AACVNFHM5_AB-S40334_E1-50_CCGAAGCAAT-TTGAGGAGAT_R1.fastq.gz	https://download.brainimagelibrary.org/07/a4/07a40734cccef9cf/1273917715		sub-1273579455	ses-1273917690	LA-BYWYVW381988CJNKDF362598	QN23.26.013.18.08A.07
DC-ZVXTLA407204	DHBA:10333	https://api.dandiarchive.org/api/assets/7895b3ac-46a4-4450-bb35-dea91ea22566/download/	https://data.nemoarchive.org/bican/grant/HMBA/lein/transcriptome/sncell/SMARTSeqSC/macaque/raw/AACNCMNM5_AB-S40328_E1-50_GTCGTAGACT-TGCAACTAAG_R1.fastq.gz			sub-1256313642	ses-1256435784	LA-PRZZWE533126LRORVS507062	QN23.26.008.14.05A.01
DC-ZWLLKN142276	DHBA:10172	https://api.dandiarchive.org/api/assets/4ed66a9f-acdb-4fd3-8059-4a9f628e8bc4/download/	https://data.nemoarchive.org/bican/grant/HMBA/lein/transcriptome/sncell/SMARTSeqSC/macaque/raw/AACVNFHM5_AB-S40334_E1-50_TCGCTCGTCT-TTGACGCCTG_R1.fastq.gz			sub-1273579455	ses-1273865083	LA-UVWTVG515729CJNKDF362598	QN23.26.013.18.06A.01
DC-ZYRGGD204202	DHBA:10172	https://api.dandiarchive.org/api/assets/7c5bd2bb-5d24-41f7-95e8-bd5db9942bc4/download/	https://data.nemoarchive.org/bican/grant/HMBA/lein/transcriptome/sncell/SMARTSeqSC/macaque/raw/AACWLGGM5_AB-S40335_E1-50_GACCTACTAT-ATTGTAAGCG_R1.fastq.gz			sub-1273579455	ses-1276792938	LA-EGJGBH408330HFEKHV727297	QN23.26.013.18.03A.07