session_id	dissociated_cell_sample_nhash_id	dissociated_cell_sample_local_name	tissue_sample_brain_structure_id_homba	tissue_sample_brain_structure_name_homba	tissue_sample_brain_structure_id_ccf	tissue_sample_brain_structure_name_ccf	library_aliquot_nhash_id	barcoded_cell_sample_nhash_id	donor_local_id	dandi_file_url	nimp_resource_visualizer_url	nemo_portal_url	nemo_assets_url
ses-1388908077	DC-HSRWSZ261785	Dbh-Cre-KI;Ai65-751032.10.06.01	HOMBA:12499	nucleus coeruleus (locus coeruleus)	MBA:147	Locus ceruleus	LA-FDEIHL353732BGYACA494908	BC-LQMTWA681818	751032	https://api.dandiarchive.org/api/assets/2c0a5800-2464-41eb-bdac-f3601d215e35/download/	https://brain-specimenportal.org/nimp_analytics/resource_visualization_forward?depth=5&nhash_id=DC-HSRWSZ261785	https://portal.nemoarchive.org/cases/nemo:lib-ijyyvtg 	https://assets.nemoarchive.org/sample/nemo:lib-ijyyvtg 
ses-1388916109	DC-FSHSRQ555671	Dbh-Cre-KI;Ai65-751032.10.06.02	HOMBA:12499	nucleus coeruleus (locus coeruleus)	MBA:147	Locus ceruleus			751032	https://api.dandiarchive.org/api/assets/71bd55b6-4e50-4273-9880-9b68b4230061/download/	https://brain-specimenportal.org/nimp_analytics/resource_visualization_forward?depth=5&nhash_id=DC-FSHSRQ555671		
ses-1390679794	DC-BZUZBX296238	Dbh-Cre-KI;Ai65-751022.11.06.01	HOMBA:12499	nucleus coeruleus (locus coeruleus)	MBA:147	Locus ceruleus	LA-IQUQUT421575BGYACA494908	BC-QLQSOT250631	751022	https://api.dandiarchive.org/api/assets/40173cfd-26b4-4465-9182-0e6947bf3223/download/	https://brain-specimenportal.org/nimp_analytics/resource_visualization_forward?depth=5&nhash_id=DC-BZUZBX296238	https://portal.nemoarchive.org/cases/nemo:lib-zguhuk6 	https://assets.nemoarchive.org/sample/nemo:lib-zguhuk6 
ses-1394143501	DC-FWZBYU681687	Dbh-Cre-KI;Ai65-752560.09.06.01	HOMBA:12499	nucleus coeruleus (locus coeruleus)	MBA:147	Locus ceruleus	LA-DQCEXE296789FDWQTT597105	BC-PBDWBD171283	752560	https://api.dandiarchive.org/api/assets/eb73bb9c-0150-496d-b2b2-d8a12e247876/download/	https://brain-specimenportal.org/nimp_analytics/resource_visualization_forward?depth=5&nhash_id=DC-FWZBYU681687	https://portal.nemoarchive.org/cases/nemo:lib-13pekfz 	https://assets.nemoarchive.org/sample/nemo:lib-13pekfz 
ses-1394161703	DC-WSRZYK695959	Dbh-Cre-KI;Ai65-752560.09.06.03	HOMBA:12499	nucleus coeruleus (locus coeruleus)	MBA:147	Locus ceruleus	LA-TRNRBD851988FDWQTT597105	BC-AWAWAU377771	752560	https://api.dandiarchive.org/api/assets/cbc1dbe7-0a95-4e71-a25c-090b73ff2834/download/	https://brain-specimenportal.org/nimp_analytics/resource_visualization_forward?depth=5&nhash_id=DC-WSRZYK695959	https://portal.nemoarchive.org/cases/nemo:lib-vt2f4zh 	https://assets.nemoarchive.org/sample/nemo:lib-vt2f4zh 
ses-1402045715	DC-JOHPMA411691	Dbh-Cre-KI;Ai65-763842.10.06.01	HOMBA:12499	nucleus coeruleus (locus coeruleus)	MBA:147	Locus ceruleus	LA-WSDCZB288490YXWECD301285	BC-RUMONU826291	763842	https://api.dandiarchive.org/api/assets/bd35d255-7678-40fb-a219-3cb6cbbb211e/download/	https://brain-specimenportal.org/nimp_analytics/resource_visualization_forward?depth=5&nhash_id=DC-JOHPMA411691	https://portal.nemoarchive.org/cases/nemo:lib-8vqj6fh 	https://assets.nemoarchive.org/sample/nemo:lib-8vqj6fh 
ses-1402046885	DC-VSHGNV243529	Dbh-Cre-KI;Ai65-763842.11.06.01	HOMBA:12499	nucleus coeruleus (locus coeruleus)	MBA:147	Locus ceruleus			763842	https://api.dandiarchive.org/api/assets/d7582f7c-acf6-4827-b279-22f09b1a13ad/download/	https://brain-specimenportal.org/nimp_analytics/resource_visualization_forward?depth=5&nhash_id=DC-VSHGNV243529		
ses-1402049348	DC-FQMING892612	Dbh-Cre-KI;Ai65-763842.10.06.02	HOMBA:12499	nucleus coeruleus (locus coeruleus)	MBA:147	Locus ceruleus			763842	https://api.dandiarchive.org/api/assets/4bc8c401-03ef-4da8-8c06-18e1cb4407d6/download/	https://brain-specimenportal.org/nimp_analytics/resource_visualization_forward?depth=5&nhash_id=DC-FQMING892612		
ses-1402082775	DC-XFGEFE555773	Dbh-Cre-KI;Ai65-763842.11.06.02	HOMBA:12499	nucleus coeruleus (locus coeruleus)	MBA:147	Locus ceruleus	LA-WRIEKE319724YXWECD301285	BC-SSRMUV189503	763842	https://api.dandiarchive.org/api/assets/5c9b8cbc-e697-43f9-b561-0bd651319ae0/download/	https://brain-specimenportal.org/nimp_analytics/resource_visualization_forward?depth=5&nhash_id=DC-XFGEFE555773	https://portal.nemoarchive.org/cases/nemo:lib-rhfnv75 	https://assets.nemoarchive.org/sample/nemo:lib-rhfnv75 
ses-1403961154	DC-ZCCAVO281263	Dbh-Cre-KI;Ai65-763845.10.06.01	HOMBA:12499	nucleus coeruleus (locus coeruleus)	MBA:147	Locus ceruleus	LA-DGCCCF199578YXWECD301285	BC-PDJCDH482041	763845	https://api.dandiarchive.org/api/assets/8ec98124-1059-4043-ada0-71d2d4d97076/download/	https://brain-specimenportal.org/nimp_analytics/resource_visualization_forward?depth=5&nhash_id=DC-ZCCAVO281263	https://portal.nemoarchive.org/cases/nemo:lib-wp53qax 	https://assets.nemoarchive.org/sample/nemo:lib-wp53qax 
ses-1426755833	DC-XMMSNC674340	Dbh-Cre-KI;Ai65-787268.03.01.01	HOMBA:12499	nucleus coeruleus (locus coeruleus)	MBA:147	Locus ceruleus	LA-DBDBUY809348ZUXCVX632470	BC-HCRVWT952187	787268	https://api.dandiarchive.org/api/assets/95832820-8d9b-4a7a-b98a-f9841db73b99/download/	https://brain-specimenportal.org/nimp_analytics/resource_visualization_forward?depth=5&nhash_id=DC-XMMSNC674340	https://portal.nemoarchive.org/cases/nemo:lib-f9n6g6s 	https://assets.nemoarchive.org/sample/nemo:lib-f9n6g6s 
ses-1426757704	DC-BDVCVO944263	Dbh-Cre-KI;Ai65-787268.04.02.01	HOMBA:12499	nucleus coeruleus (locus coeruleus)	MBA:147	Locus ceruleus	LA-MONGBW835912ZUXCVX632470	BC-XQLGGE475152	787268	https://api.dandiarchive.org/api/assets/36cc0ed4-64be-4240-861a-a4c2412c0614/download/	https://brain-specimenportal.org/nimp_analytics/resource_visualization_forward?depth=5&nhash_id=DC-BDVCVO944263	https://portal.nemoarchive.org/cases/nemo:lib-4b9x9y0 	https://assets.nemoarchive.org/sample/nemo:lib-4b9x9y0 
ses-1426765364	DC-JIKCJC718434	Dbh-Cre-KI;Ai65-787268.04.02.02	HOMBA:12499	nucleus coeruleus (locus coeruleus)	MBA:147	Locus ceruleus	LA-ZSTCDN612097ZUXCVX632470	BC-LMLKRQ922878	787268	https://api.dandiarchive.org/api/assets/b89f98aa-ac6e-4c0a-9a94-9668b2458d2c/download/	https://brain-specimenportal.org/nimp_analytics/resource_visualization_forward?depth=5&nhash_id=DC-JIKCJC718434	https://portal.nemoarchive.org/cases/nemo:lib-g3eb8f2 	https://assets.nemoarchive.org/sample/nemo:lib-g3eb8f2 
ses-1426902193	DC-VGVOVS335543	Dbh-Cre-KI;Ai65-787271.06.01.02	HOMBA:12499	nucleus coeruleus (locus coeruleus)	MBA:147	Locus ceruleus	LA-JIEEGN207693ZUXCVX632470	BC-JJIHHG224696	787271	https://api.dandiarchive.org/api/assets/935ba347-d78a-4846-a378-eee425dee6f5/download/	https://brain-specimenportal.org/nimp_analytics/resource_visualization_forward?depth=5&nhash_id=DC-VGVOVS335543	https://portal.nemoarchive.org/cases/nemo:lib-pfjcz72 	https://assets.nemoarchive.org/sample/nemo:lib-pfjcz72 
ses-1426902265	DC-LMLGNN904838	Dbh-Cre-KI;Ai65-787271.05.01.02	HOMBA:12499	nucleus coeruleus (locus coeruleus)	MBA:147	Locus ceruleus	LA-TWXWOQ150034ZUXCVX632470	BC-ZIJIDK491163	787271	https://api.dandiarchive.org/api/assets/213ced61-3493-40ce-a5f6-5a9d54d612a8/download/	https://brain-specimenportal.org/nimp_analytics/resource_visualization_forward?depth=5&nhash_id=DC-LMLGNN904838	https://portal.nemoarchive.org/cases/nemo:lib-g1wn66u 	https://assets.nemoarchive.org/sample/nemo:lib-g1wn66u 
ses-1380275537	DC-RCIFED702496	Dbh-Cre-KI;Ai65-744122.11.06.01	HOMBA:12499	nucleus coeruleus (locus coeruleus)	MBA:147	Locus ceruleus	LA-ZACEJG783637POUPVY333307	BC-BUWYDA210386	744122	https://api.dandiarchive.org/api/assets/42625da0-8c0d-4fc7-a074-c55f6e4b1ae1/download/	https://brain-specimenportal.org/nimp_analytics/resource_visualization_forward?depth=5&nhash_id=DC-RCIFED702496	https://portal.nemoarchive.org/cases/nemo:lib-7yg8yzf 	https://assets.nemoarchive.org/sample/nemo:lib-7yg8yzf 
ses-1380276138	DC-ADNCPM947902	Dbh-Cre-KI;Ai65-744122.10.06.01	HOMBA:12499	nucleus coeruleus (locus coeruleus)	MBA:147	Locus ceruleus	LA-UHCGAC426139KQKMZX325644	BC-MDFGFD810709	744122	https://api.dandiarchive.org/api/assets/84bc651e-35cf-49e1-b81b-ba2fc2617418/download/	https://brain-specimenportal.org/nimp_analytics/resource_visualization_forward?depth=5&nhash_id=DC-ADNCPM947902	https://portal.nemoarchive.org/cases/nemo:lib-5q8af2j 	https://assets.nemoarchive.org/sample/nemo:lib-5q8af2j 
ses-1380283018	DC-ZACFPE656600	Dbh-Cre-KI;Ai65-744122.10.06.02	HOMBA:12499	nucleus coeruleus (locus coeruleus)	MBA:147	Locus ceruleus	LA-RVLMSN318016POUPVY333307	BC-GGAADC691652	744122	https://api.dandiarchive.org/api/assets/acd5320a-8903-4f7e-b18d-997763cf66fa/download/	https://brain-specimenportal.org/nimp_analytics/resource_visualization_forward?depth=5&nhash_id=DC-ZACFPE656600	https://portal.nemoarchive.org/cases/nemo:lib-7mkhot1 	https://assets.nemoarchive.org/sample/nemo:lib-7mkhot1 
ses-1380286647	DC-DOURQP694396	Dbh-Cre-KI;Ai65-744122.11.06.02	HOMBA:12499	nucleus coeruleus (locus coeruleus)	MBA:147	Locus ceruleus	LA-KGIKIO583835POUPVY333307	BC-EDUXSR673700	744122	https://api.dandiarchive.org/api/assets/9d7c98c0-3ecc-4437-bcc0-8429a09ad76b/download/	https://brain-specimenportal.org/nimp_analytics/resource_visualization_forward?depth=5&nhash_id=DC-DOURQP694396	https://portal.nemoarchive.org/cases/nemo:lib-3jovoyo 	https://assets.nemoarchive.org/sample/nemo:lib-3jovoyo 
ses-1380296153	DC-ZYZBEO392179	Dbh-Cre-KI;Ai65-744122.10.06.03	HOMBA:12499	nucleus coeruleus (locus coeruleus)	MBA:147	Locus ceruleus	LA-RZQIKL178757POUPVY333307	BC-FHBAXW190370	744122	https://api.dandiarchive.org/api/assets/9f4b867f-53c1-4868-bb2e-1d6cfb7087a0/download/	https://brain-specimenportal.org/nimp_analytics/resource_visualization_forward?depth=5&nhash_id=DC-ZYZBEO392179	https://portal.nemoarchive.org/cases/nemo:lib-ur3oezo 	https://assets.nemoarchive.org/sample/nemo:lib-ur3oezo 
ses-1380304339	DC-RQXIOL653102	Dbh-Cre-KI;Ai65-744122.11.06.03	HOMBA:12499	nucleus coeruleus (locus coeruleus)	MBA:147	Locus ceruleus	LA-VRQPRD251409POUPVY333307	BC-XYXMLS196685	744122	https://api.dandiarchive.org/api/assets/5596953c-e148-4a1f-8237-c26790cdaf6a/download/	https://brain-specimenportal.org/nimp_analytics/resource_visualization_forward?depth=5&nhash_id=DC-RQXIOL653102	https://portal.nemoarchive.org/cases/nemo:lib-ww548re 	https://assets.nemoarchive.org/sample/nemo:lib-ww548re 
ses-1388216355	DC-XYTVAK375847	Dbh-Cre-KI;Ai65-751031.09.06.01	HOMBA:12499	nucleus coeruleus (locus coeruleus)	MBA:147	Locus ceruleus	LA-AIMHGP542548ACKKDF708418	BC-JKFHMW419288	751031	https://api.dandiarchive.org/api/assets/e4bcf22d-e155-40db-9933-a1ca740a5cbf/download/	https://brain-specimenportal.org/nimp_analytics/resource_visualization_forward?depth=5&nhash_id=DC-XYTVAK375847	https://portal.nemoarchive.org/cases/nemo:lib-54uhy1a 	https://assets.nemoarchive.org/sample/nemo:lib-54uhy1a 
ses-1388224840	DC-TUPRWG987103	Dbh-Cre-KI;Ai65-751031.09.06.02	HOMBA:12499	nucleus coeruleus (locus coeruleus)	MBA:147	Locus ceruleus	LA-OQJLAZ714364ACKKDF708418	BC-ZYPQLN210700	751031	https://api.dandiarchive.org/api/assets/9c45946c-74fe-49c9-82f9-18ee623f5670/download/	https://brain-specimenportal.org/nimp_analytics/resource_visualization_forward?depth=5&nhash_id=DC-TUPRWG987103	https://portal.nemoarchive.org/cases/nemo:lib-c837fr4 	https://assets.nemoarchive.org/sample/nemo:lib-c837fr4 
ses-1388239233	DC-YPVCNO674474	Dbh-Cre-KI;Ai65-751031.09.06.03	HOMBA:12499	nucleus coeruleus (locus coeruleus)	MBA:147	Locus ceruleus	LA-OQXGID847952ACKKDF708418	BC-YVVYVU350289	751031	https://api.dandiarchive.org/api/assets/b6f88a78-97a5-4dc2-a1b7-f09c275e1b93/download/	https://brain-specimenportal.org/nimp_analytics/resource_visualization_forward?depth=5&nhash_id=DC-YPVCNO674474	https://portal.nemoarchive.org/cases/nemo:lib-4xwboti 	https://assets.nemoarchive.org/sample/nemo:lib-4xwboti 
ses-1388478490	DC-LKLCRO867993	Dbh-Cre-KI;Ai65-751029.11.06.01	HOMBA:12499	nucleus coeruleus (locus coeruleus)	MBA:147	Locus ceruleus	LA-DGHYBE324374FDWQTT597105	BC-VEDEVK105631	751029	https://api.dandiarchive.org/api/assets/ac389b5e-ccc2-4e47-9b02-85f41a58eae3/download/	https://brain-specimenportal.org/nimp_analytics/resource_visualization_forward?depth=5&nhash_id=DC-LKLCRO867993	https://portal.nemoarchive.org/cases/nemo:lib-yyj0qfo 	https://assets.nemoarchive.org/sample/nemo:lib-yyj0qfo 
ses-1388484157	DC-VAWXXW484973	Dbh-Cre-KI;Ai65-751029.11.06.02	HOMBA:12499	nucleus coeruleus (locus coeruleus)	MBA:147	Locus ceruleus	LA-VVZBAG302221FDWQTT597105	BC-QQPINJ337987	751029	https://api.dandiarchive.org/api/assets/0e75fdfa-424e-4897-a507-f803ffd82cf2/download/	https://brain-specimenportal.org/nimp_analytics/resource_visualization_forward?depth=5&nhash_id=DC-VAWXXW484973	https://portal.nemoarchive.org/cases/nemo:lib-okck88g 	https://assets.nemoarchive.org/sample/nemo:lib-okck88g 
ses-1408382056	DC-PEDKHY720300	Dbh-Cre-KI;Ai65-771648.06.01.01	HOMBA:12499	nucleus coeruleus (locus coeruleus)	MBA:147	Locus ceruleus	LA-PSTUQP222497WXYVCY266649	BC-MJJMLY115735	771648	https://api.dandiarchive.org/api/assets/da35cac0-8090-4a63-98e4-b351a23665cd/download/	https://brain-specimenportal.org/nimp_analytics/resource_visualization_forward?depth=5&nhash_id=DC-PEDKHY720300	https://portal.nemoarchive.org/cases/nemo:lib-koviqp4 	https://assets.nemoarchive.org/sample/nemo:lib-koviqp4 
ses-1408383903	DC-UBNCDO748846	Dbh-Cre-KI;Ai65-771648.06.02.01	HOMBA:12499	nucleus coeruleus (locus coeruleus)	MBA:147	Locus ceruleus	LA-XBBXZW988164WXYVCY266649	BC-GGCEBA782442	771648	https://api.dandiarchive.org/api/assets/f9bc7c74-d1c1-432c-8cd6-93ad78fbbf75/download/	https://brain-specimenportal.org/nimp_analytics/resource_visualization_forward?depth=5&nhash_id=DC-UBNCDO748846	https://portal.nemoarchive.org/cases/nemo:lib-2m1g0kz 	https://assets.nemoarchive.org/sample/nemo:lib-2m1g0kz 
ses-1408386647	DC-MJHKFD180053	Dbh-Cre-KI;Ai65-771648.07.01.02	HOMBA:12499	nucleus coeruleus (locus coeruleus)	MBA:147	Locus ceruleus			771648	https://api.dandiarchive.org/api/assets/5a8697a7-b774-49c3-9ed7-275efb08cb39/download/	https://brain-specimenportal.org/nimp_analytics/resource_visualization_forward?depth=5&nhash_id=DC-MJHKFD180053		
ses-1408387866	DC-XTSVQT667253	Dbh-Cre-KI;Ai65-771648.05.02.02	HOMBA:12499	nucleus coeruleus (locus coeruleus)	MBA:147	Locus ceruleus			771648	https://api.dandiarchive.org/api/assets/5cd305f3-e5bb-4555-b582-6eb20bb7863d/download/	https://brain-specimenportal.org/nimp_analytics/resource_visualization_forward?depth=5&nhash_id=DC-XTSVQT667253		
ses-1408391640	DC-CDVKRP386050	Dbh-Cre-KI;Ai65-771648.07.01.03	HOMBA:12499	nucleus coeruleus (locus coeruleus)	MBA:147	Locus ceruleus			771648	https://api.dandiarchive.org/api/assets/4effd805-5516-4def-933c-150c88ba76e8/download/	https://brain-specimenportal.org/nimp_analytics/resource_visualization_forward?depth=5&nhash_id=DC-CDVKRP386050		
ses-1408392699	DC-JMNGXM309872	Dbh-Cre-KI;Ai65-771648.06.01.02	HOMBA:12499	nucleus coeruleus (locus coeruleus)	MBA:147	Locus ceruleus			771648	https://api.dandiarchive.org/api/assets/2267c9d5-d2ee-4be6-9983-ea75875a6078/download/	https://brain-specimenportal.org/nimp_analytics/resource_visualization_forward?depth=5&nhash_id=DC-JMNGXM309872		
ses-1408393162	DC-VWHOLO643045	Dbh-Cre-KI;Ai65-771648.06.02.02	HOMBA:12499	nucleus coeruleus (locus coeruleus)	MBA:147	Locus ceruleus	LA-FKEDFL842741WXYVCY266649	BC-RJHGDH243831	771648	https://api.dandiarchive.org/api/assets/05ec4789-bc2d-4a6d-8fb8-a07a00933d99/download/	https://brain-specimenportal.org/nimp_analytics/resource_visualization_forward?depth=5&nhash_id=DC-VWHOLO643045	https://portal.nemoarchive.org/cases/nemo:lib-rc83jog 	https://assets.nemoarchive.org/sample/nemo:lib-rc83jog 
ses-1424080835	DC-QOPRFU172340	Dbh-Cre-KI;Ai65-786124.03.01.01	HOMBA:12499	nucleus coeruleus (locus coeruleus)	MBA:147	Locus ceruleus	LA-NNGIID581600ZUXCVX632470	BC-VBWXYU513052	786124	https://api.dandiarchive.org/api/assets/45a04249-5b71-4173-bd26-15b874848663/download/	https://brain-specimenportal.org/nimp_analytics/resource_visualization_forward?depth=5&nhash_id=DC-QOPRFU172340	https://portal.nemoarchive.org/cases/nemo:lib-hppx5iw 	https://assets.nemoarchive.org/sample/nemo:lib-hppx5iw 
ses-1424309426	DC-AODSRF821543	Dbh-Cre-KI;Ai65-786124.03.01.02	HOMBA:12499	nucleus coeruleus (locus coeruleus)	MBA:147	Locus ceruleus			786124	https://api.dandiarchive.org/api/assets/da0fabce-247b-4968-b572-367ca59f4bff/download/	https://brain-specimenportal.org/nimp_analytics/resource_visualization_forward?depth=5&nhash_id=DC-AODSRF821543		
ses-1425620581	DC-EWXVCV547685	Dbh-Cre-KI;Ai65-786136.03.01.01	HOMBA:12499	nucleus coeruleus (locus coeruleus)	MBA:147	Locus ceruleus			786136	https://api.dandiarchive.org/api/assets/f70d836d-b329-4ddd-8599-fdaacd77808d/download/	https://brain-specimenportal.org/nimp_analytics/resource_visualization_forward?depth=5&nhash_id=DC-EWXVCV547685		
ses-1425639343	DC-YQRPWP360245	Dbh-Cre-KI;Ai65-786136.03.01.02	HOMBA:12499	nucleus coeruleus (locus coeruleus)	MBA:147	Locus ceruleus	LA-HAACAB503098ZUXCVX632470	BC-YFYMPJ119271	786136	https://api.dandiarchive.org/api/assets/400ea58c-53a3-436f-a512-b8df296abac4/download/	https://brain-specimenportal.org/nimp_analytics/resource_visualization_forward?depth=5&nhash_id=DC-YQRPWP360245	https://portal.nemoarchive.org/cases/nemo:lib-jsqqbwg 	https://assets.nemoarchive.org/sample/nemo:lib-jsqqbwg 
ses-1425640014	DC-DIDAZS384487	Dbh-Cre-KI;Ai65-786136.04.01.01	HOMBA:12499	nucleus coeruleus (locus coeruleus)	MBA:147	Locus ceruleus			786136	https://api.dandiarchive.org/api/assets/338d3d1b-7540-4c31-8861-bf618e3e3c74/download/	https://brain-specimenportal.org/nimp_analytics/resource_visualization_forward?depth=5&nhash_id=DC-DIDAZS384487		
ses-1425913975	DC-NCTSNS757608	Dbh-Cre-KI;Ai65-787276.04.02.01	HOMBA:12499	nucleus coeruleus (locus coeruleus)	MBA:147	Locus ceruleus			787276	https://api.dandiarchive.org/api/assets/a670a052-811b-4217-9196-5c5b19d22a4c/download/	https://brain-specimenportal.org/nimp_analytics/resource_visualization_forward?depth=5&nhash_id=DC-NCTSNS757608		
ses-1426062899	DC-IAPYXS931847	Dbh-Cre-KI;Ai65-787272.04.01.01	HOMBA:12499	nucleus coeruleus (locus coeruleus)	MBA:147	Locus ceruleus			787272	https://api.dandiarchive.org/api/assets/97cca787-b855-4248-aa77-9994457eaca4/download/	https://brain-specimenportal.org/nimp_analytics/resource_visualization_forward?depth=5&nhash_id=DC-IAPYXS931847		
ses-1426063922	DC-VTVIXL334245	Dbh-Cre-KI;Ai65-787272.03.02.01	HOMBA:12499	nucleus coeruleus (locus coeruleus)	MBA:147	Locus ceruleus			787272	https://api.dandiarchive.org/api/assets/59f9a06f-97aa-4762-a7fe-8a3b489635fd/download/	https://brain-specimenportal.org/nimp_analytics/resource_visualization_forward?depth=5&nhash_id=DC-VTVIXL334245		
ses-1426070420	DC-EIEWLU983349	Dbh-Cre-KI;Ai65-787272.04.01.02	HOMBA:12499	nucleus coeruleus (locus coeruleus)	MBA:147	Locus ceruleus			787272	https://api.dandiarchive.org/api/assets/b4bf6c61-6cbf-4bd5-9166-952740def0f1/download/	https://brain-specimenportal.org/nimp_analytics/resource_visualization_forward?depth=5&nhash_id=DC-EIEWLU983349		
ses-1392357828	DC-EEIDIU732655	Dbh-Cre-KI;Ai65-752561.11.06.01	HOMBA:12499	nucleus coeruleus (locus coeruleus)	MBA:147	Locus ceruleus	LA-ULNYCC941835BGYACA494908	BC-IUHDCG344266	752561	https://api.dandiarchive.org/api/assets/54e26d72-bdb5-43a6-91cf-ae528883a97b/download/	https://brain-specimenportal.org/nimp_analytics/resource_visualization_forward?depth=5&nhash_id=DC-EEIDIU732655	https://portal.nemoarchive.org/cases/nemo:lib-vysk4yk 	https://assets.nemoarchive.org/sample/nemo:lib-vysk4yk 
ses-1392370078	DC-THGSSS271923	Dbh-Cre-KI;Ai65-752561.11.06.02	HOMBA:12499	nucleus coeruleus (locus coeruleus)	MBA:147	Locus ceruleus	LA-RVTRXU249095BGYACA494908	BC-JIZNMY112196	752561	https://api.dandiarchive.org/api/assets/f976c31d-1afc-46b8-aff3-3cef1467b000/download/	https://brain-specimenportal.org/nimp_analytics/resource_visualization_forward?depth=5&nhash_id=DC-THGSSS271923	https://portal.nemoarchive.org/cases/nemo:lib-517z0vy 	https://assets.nemoarchive.org/sample/nemo:lib-517z0vy 
ses-1394073441	DC-NBAHHB320607	Dbh-Cre-KI;Ai65-751021.11.06.01	HOMBA:12499	nucleus coeruleus (locus coeruleus)	MBA:147	Locus ceruleus	LA-CYXIBH898802FDWQTT597105	BC-DXEAZK397667	751021	https://api.dandiarchive.org/api/assets/2b7fe0e6-3834-41c2-8b53-220d1d6e7e4e/download/	https://brain-specimenportal.org/nimp_analytics/resource_visualization_forward?depth=5&nhash_id=DC-NBAHHB320607	https://portal.nemoarchive.org/cases/nemo:lib-69x6qzf 	https://assets.nemoarchive.org/sample/nemo:lib-69x6qzf 
ses-1394115769	DC-PEJIWV346836	Dbh-Cre-KI;Ai65-751021.11.06.03	HOMBA:12499	nucleus coeruleus (locus coeruleus)	MBA:147	Locus ceruleus	LA-YAUOPS965846FDWQTT597105	BC-ACXAXW956014	751021	https://api.dandiarchive.org/api/assets/c6c526a3-e942-42b2-8df4-ee395ae5abb9/download/	https://brain-specimenportal.org/nimp_analytics/resource_visualization_forward?depth=5&nhash_id=DC-PEJIWV346836	https://portal.nemoarchive.org/cases/nemo:lib-pzaqc31 	https://assets.nemoarchive.org/sample/nemo:lib-pzaqc31 
ses-1403049874	DC-DERGXL153658	Dbh-Cre-KI;Ai65-762193.09.06.01	HOMBA:12499	nucleus coeruleus (locus coeruleus)	MBA:147	Locus ceruleus	LA-NXUSTU668445YXWECD301285	BC-FGTIZN245520	762193	https://api.dandiarchive.org/api/assets/524639c0-36ab-4046-9b4d-ad4c2c8c14c8/download/	https://brain-specimenportal.org/nimp_analytics/resource_visualization_forward?depth=5&nhash_id=DC-DERGXL153658	https://portal.nemoarchive.org/cases/nemo:lib-78iswto 	https://assets.nemoarchive.org/sample/nemo:lib-78iswto 
ses-1403055667	DC-YVDZBO129319	Dbh-Cre-KI;Ai65-762193.10.06.01	HOMBA:12499	nucleus coeruleus (locus coeruleus)	MBA:147	Locus ceruleus	LA-XRXTYP352081YXWECD301285	BC-BXUCYA137929	762193	https://api.dandiarchive.org/api/assets/2f545415-3ac9-45c8-ab92-34e8a8b9fd4f/download/	https://brain-specimenportal.org/nimp_analytics/resource_visualization_forward?depth=5&nhash_id=DC-YVDZBO129319	https://portal.nemoarchive.org/cases/nemo:lib-cqugh1v 	https://assets.nemoarchive.org/sample/nemo:lib-cqugh1v 
ses-1403199378	DC-UCUABS756098	Dbh-Cre-KI;Ai65-762198.08.06.01	HOMBA:12499	nucleus coeruleus (locus coeruleus)	MBA:147	Locus ceruleus	LA-YAJONI950558YXWECD301285	BC-HGBASA355444	762198	https://api.dandiarchive.org/api/assets/c66049bb-717d-404b-a650-0a94ba2bb386/download/	https://brain-specimenportal.org/nimp_analytics/resource_visualization_forward?depth=5&nhash_id=DC-UCUABS756098	https://portal.nemoarchive.org/cases/nemo:lib-zant1yt 	https://assets.nemoarchive.org/sample/nemo:lib-zant1yt 
ses-1403204984	DC-DCTICK857194	Dbh-Cre-KI;Ai65-762198.08.06.02	HOMBA:12499	nucleus coeruleus (locus coeruleus)	MBA:147	Locus ceruleus	LA-ZQFIKN761002YXWECD301285	BC-VUVULA397922	762198	https://api.dandiarchive.org/api/assets/660b9971-1f52-41e7-95c1-04d84ee28a79/download/	https://brain-specimenportal.org/nimp_analytics/resource_visualization_forward?depth=5&nhash_id=DC-DCTICK857194	https://portal.nemoarchive.org/cases/nemo:lib-rrcgyok 	https://assets.nemoarchive.org/sample/nemo:lib-rrcgyok 
ses-1403209290	DC-NFLMDG610743	Dbh-Cre-KI;Ai65-762198.08.06.03	HOMBA:12499	nucleus coeruleus (locus coeruleus)	MBA:147	Locus ceruleus	LA-GFEGGF816352YXWECD301285	BC-GDCCBM278303	762198	https://api.dandiarchive.org/api/assets/efdcdafe-91fe-4246-a107-683407143c15/download/	https://brain-specimenportal.org/nimp_analytics/resource_visualization_forward?depth=5&nhash_id=DC-NFLMDG610743	https://portal.nemoarchive.org/cases/nemo:lib-hmt7pki 	https://assets.nemoarchive.org/sample/nemo:lib-hmt7pki 
ses-1403214632	DC-SASYZQ711506	Dbh-Cre-KI;Ai65-762198.08.06.04	HOMBA:12499	nucleus coeruleus (locus coeruleus)	MBA:147	Locus ceruleus	LA-RPQJLC470999YXWECD301285	BC-CCGBHE571559	762198	https://api.dandiarchive.org/api/assets/ba6b121e-3f42-47ac-a623-221b976bbeec/download/	https://brain-specimenportal.org/nimp_analytics/resource_visualization_forward?depth=5&nhash_id=DC-SASYZQ711506	https://portal.nemoarchive.org/cases/nemo:lib-akz54p9 	https://assets.nemoarchive.org/sample/nemo:lib-akz54p9 
ses-1403222752	DC-ZOIQIO400848	Dbh-Cre-KI;Ai65-762198.08.06.05	HOMBA:12499	nucleus coeruleus (locus coeruleus)	MBA:147	Locus ceruleus	LA-BTQMNE182337YXWECD301285	BC-TNVNTJ845785	762198	https://api.dandiarchive.org/api/assets/5fbad43b-634c-47aa-80d3-a12d2d634c61/download/	https://brain-specimenportal.org/nimp_analytics/resource_visualization_forward?depth=5&nhash_id=DC-ZOIQIO400848	https://portal.nemoarchive.org/cases/nemo:lib-2hn6fdt 	https://assets.nemoarchive.org/sample/nemo:lib-2hn6fdt 
ses-1408891040	DC-POCBDZ427694	Dbh-Cre-KI;Ai65-771642.05.01.01	HOMBA:12499	nucleus coeruleus (locus coeruleus)	MBA:147	Locus ceruleus	LA-PLIKNQ856448WXYVCY266649	BC-LZYAWB647293	771642	https://api.dandiarchive.org/api/assets/e8ef579d-7218-4d6f-9c42-83b316330ecf/download/	https://brain-specimenportal.org/nimp_analytics/resource_visualization_forward?depth=5&nhash_id=DC-POCBDZ427694	https://portal.nemoarchive.org/cases/nemo:lib-ouzm6i6 	https://assets.nemoarchive.org/sample/nemo:lib-ouzm6i6 
ses-1408891476	DC-JFMHLK946794	Dbh-Cre-KI;Ai65-771642.05.02.01	HOMBA:12499	nucleus coeruleus (locus coeruleus)	MBA:147	Locus ceruleus	LA-HWDXAH348015WXYVCY266649	BC-LHOJNM182548	771642	https://api.dandiarchive.org/api/assets/8607b287-e7c0-492d-9efc-01c14693d3f1/download/	https://brain-specimenportal.org/nimp_analytics/resource_visualization_forward?depth=5&nhash_id=DC-JFMHLK946794	https://portal.nemoarchive.org/cases/nemo:lib-2i26x4p 	https://assets.nemoarchive.org/sample/nemo:lib-2i26x4p 
ses-1408896351	DC-RGFMEG578762	Dbh-Cre-KI;Ai65-771642.06.02.01	HOMBA:12499	nucleus coeruleus (locus coeruleus)	MBA:147	Locus ceruleus	LA-GIODAG407218WXYVCY266649	BC-TLNMOP417541	771642	https://api.dandiarchive.org/api/assets/bdb2e7f1-2a13-44db-b3ce-608c0b445ff5/download/	https://brain-specimenportal.org/nimp_analytics/resource_visualization_forward?depth=5&nhash_id=DC-RGFMEG578762	https://portal.nemoarchive.org/cases/nemo:lib-rp42n0s 	https://assets.nemoarchive.org/sample/nemo:lib-rp42n0s 
ses-1408897096	DC-VIHVUW121693	Dbh-Cre-KI;Ai65-771642.05.01.02	HOMBA:12499	nucleus coeruleus (locus coeruleus)	MBA:147	Locus ceruleus			771642	https://api.dandiarchive.org/api/assets/63141654-3500-4fbb-a5bc-b0c1c575d1fa/download/	https://brain-specimenportal.org/nimp_analytics/resource_visualization_forward?depth=5&nhash_id=DC-VIHVUW121693		
ses-1408898832	DC-PEDKCE878774	Dbh-Cre-KI;Ai65-771642.06.02.02	HOMBA:12499	nucleus coeruleus (locus coeruleus)	MBA:147	Locus ceruleus	LA-TKONQS192228WXYVCY266649	BC-OOLKJW269861	771642	https://api.dandiarchive.org/api/assets/499cef74-04d7-477a-862e-930d6b5bd3bb/download/	https://brain-specimenportal.org/nimp_analytics/resource_visualization_forward?depth=5&nhash_id=DC-PEDKCE878774	https://portal.nemoarchive.org/cases/nemo:lib-ad13ha0 	https://assets.nemoarchive.org/sample/nemo:lib-ad13ha0 
ses-1408898882	DC-YTXWJY672896	Dbh-Cre-KI;Ai65-771642.05.02.02	HOMBA:12499	nucleus coeruleus (locus coeruleus)	MBA:147	Locus ceruleus	LA-KKKIDI515483WXYVCY266649	BC-BQYZUA348886	771642	https://api.dandiarchive.org/api/assets/941a5808-20a1-4e91-86c1-9515bc9585f9/download/	https://brain-specimenportal.org/nimp_analytics/resource_visualization_forward?depth=5&nhash_id=DC-YTXWJY672896	https://portal.nemoarchive.org/cases/nemo:lib-2584b8f 	https://assets.nemoarchive.org/sample/nemo:lib-2584b8f 
ses-1408903873	DC-QSOOKS866069	Dbh-Cre-KI;Ai65-771642.05.01.03	HOMBA:12499	nucleus coeruleus (locus coeruleus)	MBA:147	Locus ceruleus			771642	https://api.dandiarchive.org/api/assets/827773ac-6708-4cef-992a-b051bb5edbb6/download/	https://brain-specimenportal.org/nimp_analytics/resource_visualization_forward?depth=5&nhash_id=DC-QSOOKS866069		
ses-1408904257	DC-GNIMLY233563	Dbh-Cre-KI;Ai65-771642.05.02.03	HOMBA:12499	nucleus coeruleus (locus coeruleus)	MBA:147	Locus ceruleus			771642	https://api.dandiarchive.org/api/assets/2af4dd66-a557-4530-8805-f378d04d0db9/download/	https://brain-specimenportal.org/nimp_analytics/resource_visualization_forward?depth=5&nhash_id=DC-GNIMLY233563		
ses-1408906258	DC-XMLSKM490550	Dbh-Cre-KI;Ai65-771642.06.02.03	HOMBA:12499	nucleus coeruleus (locus coeruleus)	MBA:147	Locus ceruleus	LA-OFKKFJ232025WXYVCY266649	BC-EJAFFA221572	771642	https://api.dandiarchive.org/api/assets/23fa9639-eb5e-4d55-aba1-2701c48060c5/download/	https://brain-specimenportal.org/nimp_analytics/resource_visualization_forward?depth=5&nhash_id=DC-XMLSKM490550	https://portal.nemoarchive.org/cases/nemo:lib-i4ievbt 	https://assets.nemoarchive.org/sample/nemo:lib-i4ievbt 
ses-1409787035	DC-DDPLMO688204	Dbh-Cre-KI;Ai65-771650.04.09.01	HOMBA:12499	nucleus coeruleus (locus coeruleus)	MBA:147	Locus ceruleus	LA-AUSWQO626532WXYVCY266649	BC-EGGAYC398266	771650	https://api.dandiarchive.org/api/assets/25806214-2604-40dc-8718-81279fa210f5/download/	https://brain-specimenportal.org/nimp_analytics/resource_visualization_forward?depth=5&nhash_id=DC-DDPLMO688204	https://portal.nemoarchive.org/cases/nemo:lib-3zaenx3 	https://assets.nemoarchive.org/sample/nemo:lib-3zaenx3 
ses-1409787965	DC-WGVCBP549419	Dbh-Cre-KI;Ai65-771650.05.09.01	HOMBA:12499	nucleus coeruleus (locus coeruleus)	MBA:147	Locus ceruleus	LA-ZSAXEB826718WXYVCY266649	BC-LSRFVU708516	771650	https://api.dandiarchive.org/api/assets/d1224c3a-a928-4b53-956b-746906da9915/download/	https://brain-specimenportal.org/nimp_analytics/resource_visualization_forward?depth=5&nhash_id=DC-WGVCBP549419	https://portal.nemoarchive.org/cases/nemo:lib-446pog0 	https://assets.nemoarchive.org/sample/nemo:lib-446pog0 
ses-1409801288	DC-VWPUWG827671	Dbh-Cre-KI;Ai65-771650.05.09.02	HOMBA:12499	nucleus coeruleus (locus coeruleus)	MBA:147	Locus ceruleus	LA-SPQNPX140725WXYVCY266649	BC-SMRQRL208244	771650	https://api.dandiarchive.org/api/assets/90a6227e-5097-4092-87b1-da5436cd2bf7/download/	https://brain-specimenportal.org/nimp_analytics/resource_visualization_forward?depth=5&nhash_id=DC-VWPUWG827671	https://portal.nemoarchive.org/cases/nemo:lib-9av2ypi 	https://assets.nemoarchive.org/sample/nemo:lib-9av2ypi 
ses-1410115593	DC-HOJMPL447701	Dbh-Cre-KI;Ai65-771643.02.02.02	HOMBA:12499	nucleus coeruleus (locus coeruleus)	MBA:147	Locus ceruleus	LA-ZYUNNQ272666DOLMND672363	BC-BXQQTT798888	771643	https://api.dandiarchive.org/api/assets/11dee51c-1ebf-425d-bd5a-790958896b09/download/	https://brain-specimenportal.org/nimp_analytics/resource_visualization_forward?depth=5&nhash_id=DC-HOJMPL447701	https://portal.nemoarchive.org/cases/nemo:lib-o95p4zg 	https://assets.nemoarchive.org/sample/nemo:lib-o95p4zg 
ses-1410117614	DC-RGZQPD872688	Dbh-Cre-KI;Ai65-771643.02.01.01	HOMBA:12499	nucleus coeruleus (locus coeruleus)	MBA:147	Locus ceruleus			771643	https://api.dandiarchive.org/api/assets/90c7433c-edbf-4ff9-a5a0-1fbd280bfd03/download/	https://brain-specimenportal.org/nimp_analytics/resource_visualization_forward?depth=5&nhash_id=DC-RGZQPD872688		
ses-1410123885	DC-JIWVXW744111	Dbh-Cre-KI;Ai65-771643.02.01.02	HOMBA:12499	nucleus coeruleus (locus coeruleus)	MBA:147	Locus ceruleus	LA-NGKPPL869626DOLMND672363	BC-GGGIHO704995	771643	https://api.dandiarchive.org/api/assets/2fee3e52-926e-4d95-b1c2-a1a85e7a69c4/download/	https://brain-specimenportal.org/nimp_analytics/resource_visualization_forward?depth=5&nhash_id=DC-JIWVXW744111	https://portal.nemoarchive.org/cases/nemo:lib-50hoskj 	https://assets.nemoarchive.org/sample/nemo:lib-50hoskj 
ses-1410640157	DC-RUMUSP668209	Dbh-Cre-KI;Ai65-773004.07.01.01	HOMBA:12499	nucleus coeruleus (locus coeruleus)	MBA:147	Locus ceruleus	LA-IABYYT113951DOLMND672363	BC-SJJLFD915229	773004	https://api.dandiarchive.org/api/assets/c3de8c38-fc62-4192-8419-6e4e1b9c3353/download/	https://brain-specimenportal.org/nimp_analytics/resource_visualization_forward?depth=5&nhash_id=DC-RUMUSP668209	https://portal.nemoarchive.org/cases/nemo:lib-1tkazyj 	https://assets.nemoarchive.org/sample/nemo:lib-1tkazyj 
ses-1410640556	DC-YCYERR197354	Dbh-Cre-KI;Ai65-773004.06.02.01	HOMBA:12499	nucleus coeruleus (locus coeruleus)	MBA:147	Locus ceruleus	LA-EGOOPA528584DOLMND672363	BC-NJPCCM886091	773004	https://api.dandiarchive.org/api/assets/e8ea478a-26ba-401f-81c8-beef0c01c8f7/download/	https://brain-specimenportal.org/nimp_analytics/resource_visualization_forward?depth=5&nhash_id=DC-YCYERR197354	https://portal.nemoarchive.org/cases/nemo:lib-9g42ys7 	https://assets.nemoarchive.org/sample/nemo:lib-9g42ys7 
ses-1410640994	DC-XPXVAW590739	Dbh-Cre-KI;Ai65-773004.06.01.01	HOMBA:12499	nucleus coeruleus (locus coeruleus)	MBA:147	Locus ceruleus	LA-UXUWQX760156DOLMND672363	BC-MDKGMG853869	773004	https://api.dandiarchive.org/api/assets/37d05d54-cd2f-4a5e-ae10-6814c1253d96/download/	https://brain-specimenportal.org/nimp_analytics/resource_visualization_forward?depth=5&nhash_id=DC-XPXVAW590739	https://portal.nemoarchive.org/cases/nemo:lib-f1x8f3j 	https://assets.nemoarchive.org/sample/nemo:lib-f1x8f3j 
ses-1410641516	DC-HKIOJG380353	Dbh-Cre-KI;Ai65-773004.07.02.01	HOMBA:12499	nucleus coeruleus (locus coeruleus)	MBA:147	Locus ceruleus	LA-OQLQTR428624DOLMND672363	BC-GGFKNL789753	773004	https://api.dandiarchive.org/api/assets/acbb592f-3647-4625-afb1-dd6ea2106252/download/	https://brain-specimenportal.org/nimp_analytics/resource_visualization_forward?depth=5&nhash_id=DC-HKIOJG380353	https://portal.nemoarchive.org/cases/nemo:lib-qsor1aa 	https://assets.nemoarchive.org/sample/nemo:lib-qsor1aa 
ses-1410644456	DC-DFJFLY659797	Dbh-Cre-KI;Ai65-773004.06.02.02	HOMBA:12499	nucleus coeruleus (locus coeruleus)	MBA:147	Locus ceruleus	LA-TGTBAW313811DOLMND672363	BC-JFLYGF127894	773004	https://api.dandiarchive.org/api/assets/60a3c414-6310-4be1-8b59-bf5c19c38ec8/download/	https://brain-specimenportal.org/nimp_analytics/resource_visualization_forward?depth=5&nhash_id=DC-DFJFLY659797	https://portal.nemoarchive.org/cases/nemo:lib-mftxoh9 	https://assets.nemoarchive.org/sample/nemo:lib-mftxoh9 
ses-1410648389	DC-FXFDIE229347	Dbh-Cre-KI;Ai65-773004.06.01.02	HOMBA:12499	nucleus coeruleus (locus coeruleus)	MBA:147	Locus ceruleus	LA-YWBZVT525947DOLMND672363	BC-FDDKEF284753	773004	https://api.dandiarchive.org/api/assets/4ab0bac6-f861-4785-a8fc-7623c9722d80/download/	https://brain-specimenportal.org/nimp_analytics/resource_visualization_forward?depth=5&nhash_id=DC-FXFDIE229347	https://portal.nemoarchive.org/cases/nemo:lib-nvc9doj 	https://assets.nemoarchive.org/sample/nemo:lib-nvc9doj 
ses-1410668927	DC-VYUSLA119696	Dbh-Cre-KI;Ai65-773004.06.01.03	HOMBA:12499	nucleus coeruleus (locus coeruleus)	MBA:147	Locus ceruleus	LA-BVTWAC386220DOLMND672363	BC-NCDDLI203790	773004	https://api.dandiarchive.org/api/assets/1a3aebbb-cd18-4d2a-99f9-c84d568f7cc7/download/	https://brain-specimenportal.org/nimp_analytics/resource_visualization_forward?depth=5&nhash_id=DC-VYUSLA119696	https://portal.nemoarchive.org/cases/nemo:lib-qpvjvb7 	https://assets.nemoarchive.org/sample/nemo:lib-qpvjvb7 
ses-1410789816	DC-STTIXG441105	Dbh-Cre-KI;Ai65-773002.06.02.01	HOMBA:12499	nucleus coeruleus (locus coeruleus)	MBA:147	Locus ceruleus			773002	https://api.dandiarchive.org/api/assets/247fefee-9ba0-401e-9ed4-4044baa667c9/download/	https://brain-specimenportal.org/nimp_analytics/resource_visualization_forward?depth=5&nhash_id=DC-STTIXG441105		
ses-1410790193	DC-TRNKKT879253	Dbh-Cre-KI;Ai65-773002.06.01.01	HOMBA:12499	nucleus coeruleus (locus coeruleus)	MBA:147	Locus ceruleus			773002	https://api.dandiarchive.org/api/assets/a596fbaf-7286-46a1-b330-081b6f0bc5dd/download/	https://brain-specimenportal.org/nimp_analytics/resource_visualization_forward?depth=5&nhash_id=DC-TRNKKT879253		
ses-1410793905	DC-MHZONN206602	Dbh-Cre-KI;Ai65-773002.07.02.01	HOMBA:12499	nucleus coeruleus (locus coeruleus)	MBA:147	Locus ceruleus	LA-DCHILD230726DOLMND672363	BC-AAUWXW380894	773002	https://api.dandiarchive.org/api/assets/76174cc3-5894-4262-9ba9-6342e1482e13/download/	https://brain-specimenportal.org/nimp_analytics/resource_visualization_forward?depth=5&nhash_id=DC-MHZONN206602	https://portal.nemoarchive.org/cases/nemo:lib-mp19js3 	https://assets.nemoarchive.org/sample/nemo:lib-mp19js3 
ses-1410934497	DC-HLJKVK482588	Dbh-Cre-KI;Ai65-773000.04.02.01	HOMBA:12499	nucleus coeruleus (locus coeruleus)	MBA:147	Locus ceruleus			773000	https://api.dandiarchive.org/api/assets/c1a6c007-616c-42ec-b11e-20642d85b84b/download/	https://brain-specimenportal.org/nimp_analytics/resource_visualization_forward?depth=5&nhash_id=DC-HLJKVK482588		
ses-1410934898	DC-SRLNRK929560	Dbh-Cre-KI;Ai65-773002.04.01.01	HOMBA:12499	nucleus coeruleus (locus coeruleus)	MBA:147	Locus ceruleus			773002	https://api.dandiarchive.org/api/assets/5088bccc-3ee5-4a23-8757-118e52be3dc8/download/	https://brain-specimenportal.org/nimp_analytics/resource_visualization_forward?depth=5&nhash_id=DC-SRLNRK929560		
ses-1410945226	DC-XKQONO987854	Dbh-Cre-KI;Ai65-773000.04.02.02	HOMBA:12499	nucleus coeruleus (locus coeruleus)	MBA:147	Locus ceruleus	LA-QVVQOW640732DOLMND672363	BC-OMLMHG357550	773000	https://api.dandiarchive.org/api/assets/12b55281-49c4-4784-971b-9af4a09bfb42/download/	https://brain-specimenportal.org/nimp_analytics/resource_visualization_forward?depth=5&nhash_id=DC-XKQONO987854	https://portal.nemoarchive.org/cases/nemo:lib-b5ywquz 	https://assets.nemoarchive.org/sample/nemo:lib-b5ywquz 
ses-1410946049	DC-YVZARK529663	Dbh-Cre-KI;Ai65-773002.03.01.01	HOMBA:12499	nucleus coeruleus (locus coeruleus)	MBA:147	Locus ceruleus			773002	https://api.dandiarchive.org/api/assets/439cf56c-121f-498e-81b1-71b0194b80c7/download/	https://brain-specimenportal.org/nimp_analytics/resource_visualization_forward?depth=5&nhash_id=DC-YVZARK529663		
ses-1410948417	DC-TGMKJK934394	Dbh-Cre-KI;Ai65-773000.04.02.03	HOMBA:12499	nucleus coeruleus (locus coeruleus)	MBA:147	Locus ceruleus	LA-BBGIFB527333DOLMND672363	BC-USRSRL314556	773000	https://api.dandiarchive.org/api/assets/95869123-3ec8-48d0-8f9e-44a5e44f9c68/download/	https://brain-specimenportal.org/nimp_analytics/resource_visualization_forward?depth=5&nhash_id=DC-TGMKJK934394	https://portal.nemoarchive.org/cases/nemo:lib-7wh81n1 	https://assets.nemoarchive.org/sample/nemo:lib-7wh81n1 
ses-1410948835	DC-VKIFJK303629	Dbh-Cre-KI;Ai65-773002.03.01.02	HOMBA:12499	nucleus coeruleus (locus coeruleus)	MBA:147	Locus ceruleus			773002	https://api.dandiarchive.org/api/assets/f7fd93a1-ac1d-4b6e-b7a4-bd1ac85e10f0/download/	https://brain-specimenportal.org/nimp_analytics/resource_visualization_forward?depth=5&nhash_id=DC-VKIFJK303629		
ses-1417373093	DC-XVYKZV324237	Dbh-Cre-KI;Ai65-780952.04.01.01	HOMBA:12499	nucleus coeruleus (locus coeruleus)	MBA:147	Locus ceruleus	LA-ABFCZB883114BFEALI502372	BC-BDBCGC279421	780952	https://api.dandiarchive.org/api/assets/e0ee6cb7-ca87-48b4-8134-533950d88b97/download/	https://brain-specimenportal.org/nimp_analytics/resource_visualization_forward?depth=5&nhash_id=DC-XVYKZV324237	https://portal.nemoarchive.org/cases/nemo:lib-8w9ojwk 	https://assets.nemoarchive.org/sample/nemo:lib-8w9ojwk 
ses-1417375160	DC-CIFCDU763699	Dbh-Cre-KI;Ai65-780952.03.02.01	HOMBA:12499	nucleus coeruleus (locus coeruleus)	MBA:147	Locus ceruleus	LA-IKJGJM267652BFEALI502372	BC-XWTWZZ143536	780952	https://api.dandiarchive.org/api/assets/60290947-f16d-4712-ab1d-90595a9ad299/download/	https://brain-specimenportal.org/nimp_analytics/resource_visualization_forward?depth=5&nhash_id=DC-CIFCDU763699	https://portal.nemoarchive.org/cases/nemo:lib-crk2uft 	https://assets.nemoarchive.org/sample/nemo:lib-crk2uft 
ses-1417380803	DC-LGVGKD476919	Dbh-Cre-KI;Ai65-780952.04.01.02	HOMBA:12499	nucleus coeruleus (locus coeruleus)	MBA:147	Locus ceruleus	LA-LLFLEH874022BFEALI502372	BC-EDGYGA771703	780952	https://api.dandiarchive.org/api/assets/e6e2aa0a-520b-49c2-8135-0d78ac496621/download/	https://brain-specimenportal.org/nimp_analytics/resource_visualization_forward?depth=5&nhash_id=DC-LGVGKD476919	https://portal.nemoarchive.org/cases/nemo:lib-hrn9s6t 	https://assets.nemoarchive.org/sample/nemo:lib-hrn9s6t 
ses-1417382638	DC-BFGDFB388986	Dbh-Cre-KI;Ai65-780952.03.01.01	HOMBA:12499	nucleus coeruleus (locus coeruleus)	MBA:147	Locus ceruleus	LA-BCACYA526368BFEALI502372	BC-HMMNMK827324	780952	https://api.dandiarchive.org/api/assets/4c1619b4-bd03-47a7-b110-3f53eb15fe81/download/	https://brain-specimenportal.org/nimp_analytics/resource_visualization_forward?depth=5&nhash_id=DC-BFGDFB388986	https://portal.nemoarchive.org/cases/nemo:lib-nq1hgxg 	https://assets.nemoarchive.org/sample/nemo:lib-nq1hgxg 
ses-1437729392		C57BL6J-798265.07.01.01	HOMBA:12499	nucleus coeruleus (locus coeruleus)	MBA:147	Locus ceruleus			798265	https://api.dandiarchive.org/api/assets/0c6a3b73-3f58-4808-922b-8d2154541c26/download/			
ses-1437740384		C57BL6J-798265.07.02.01	HOMBA:12499	nucleus coeruleus (locus coeruleus)	MBA:147	Locus ceruleus			798265	https://api.dandiarchive.org/api/assets/806cc516-69dc-4dbe-be5b-cab5d66214af/download/			
ses-1437759628	DC-XUDUWV853621	C57BL6J-798265.07.01.02	HOMBA:12499	nucleus coeruleus (locus coeruleus)	MBA:147	Locus ceruleus			798265	https://api.dandiarchive.org/api/assets/99c80e58-cfe6-4aca-b637-868f559cf398/download/	https://brain-specimenportal.org/nimp_analytics/resource_visualization_forward?depth=5&nhash_id=DC-XUDUWV853621		
ses-1437774322	DC-ZYXUZR110620	C57BL6J-798265.07.02.02	HOMBA:12499	nucleus coeruleus (locus coeruleus)	MBA:147	Locus ceruleus			798265	https://api.dandiarchive.org/api/assets/77263664-20ee-4547-9eb5-99020c83321a/download/	https://brain-specimenportal.org/nimp_analytics/resource_visualization_forward?depth=5&nhash_id=DC-ZYXUZR110620		
ses-1437846271		C57BL6J-798265.07.01.03	HOMBA:12499	nucleus coeruleus (locus coeruleus)	MBA:147	Locus ceruleus			798265	https://api.dandiarchive.org/api/assets/a39d8455-b7d0-43ff-bc3d-63ee1fc8586d/download/			
ses-1438286810		C57BL6J-798264.06.02.01	HOMBA:12499	nucleus coeruleus (locus coeruleus)	MBA:147	Locus ceruleus			798264	https://api.dandiarchive.org/api/assets/df186952-0de5-43f4-b8b1-60a71066e1d5/download/			
ses-1438314598		C57BL6J-798264.06.02.02	HOMBA:12499	nucleus coeruleus (locus coeruleus)	MBA:147	Locus ceruleus			798264	https://api.dandiarchive.org/api/assets/5c6337ab-6ac6-4263-b2f1-85fe414128d6/download/			
ses-1438337359		C57BL6J-798264.06.01.01	HOMBA:12499	nucleus coeruleus (locus coeruleus)	MBA:147	Locus ceruleus			798264	https://api.dandiarchive.org/api/assets/6cff2b23-7606-47fc-aaf4-9ef5f59fff94/download/			